-- MySQL dump 10.13  Distrib 5.7.22, for Linux (x86_64)
--
-- Host: localhost    Database: vote
-- ------------------------------------------------------
-- Server version	5.7.22-0ubuntu0.16.04.1

/*!40101 SET @OLD_CHARACTER_SET_CLIENT=@@CHARACTER_SET_CLIENT */;
/*!40101 SET @OLD_CHARACTER_SET_RESULTS=@@CHARACTER_SET_RESULTS */;
/*!40101 SET @OLD_COLLATION_CONNECTION=@@COLLATION_CONNECTION */;
/*!40101 SET NAMES utf8 */;
/*!40103 SET @OLD_TIME_ZONE=@@TIME_ZONE */;
/*!40103 SET TIME_ZONE='+00:00' */;
/*!40014 SET @OLD_UNIQUE_CHECKS=@@UNIQUE_CHECKS, UNIQUE_CHECKS=0 */;
/*!40014 SET @OLD_FOREIGN_KEY_CHECKS=@@FOREIGN_KEY_CHECKS, FOREIGN_KEY_CHECKS=0 */;
/*!40101 SET @OLD_SQL_MODE=@@SQL_MODE, SQL_MODE='NO_AUTO_VALUE_ON_ZERO' */;
/*!40111 SET @OLD_SQL_NOTES=@@SQL_NOTES, SQL_NOTES=0 */;

--
-- Table structure for table `articles`
--

DROP TABLE IF EXISTS `articles`;
/*!40101 SET @saved_cs_client     = @@character_set_client */;
/*!40101 SET character_set_client = utf8 */;
CREATE TABLE `articles` (
  `id` int(11) NOT NULL AUTO_INCREMENT COMMENT '文章id',
  `title` varchar(155) NOT NULL COMMENT '文章标题',
  `description` varchar(255) NOT NULL COMMENT '文章描述',
  `keywords` varchar(155) NOT NULL COMMENT '文章关键字',
  `thumbnail` varchar(255) NOT NULL COMMENT '文章缩略图',
  `content` text NOT NULL COMMENT '文章内容',
  `add_time` datetime NOT NULL COMMENT '发布时间',
  PRIMARY KEY (`id`)
) ENGINE=InnoDB DEFAULT CHARSET=utf8;
/*!40101 SET character_set_client = @saved_cs_client */;

--
-- Dumping data for table `articles`
--

LOCK TABLES `articles` WRITE;
/*!40000 ALTER TABLE `articles` DISABLE KEYS */;
/*!40000 ALTER TABLE `articles` ENABLE KEYS */;
UNLOCK TABLES;

--
-- Table structure for table `country`
--

DROP TABLE IF EXISTS `country`;
/*!40101 SET @saved_cs_client     = @@character_set_client */;
/*!40101 SET character_set_client = utf8 */;
CREATE TABLE `country` (
  `id` int(10) unsigned NOT NULL AUTO_INCREMENT COMMENT '国家ID',
  `cname` varchar(100) NOT NULL DEFAULT '' COMMENT '国家名(中文)',
  `ename` varchar(100) NOT NULL DEFAULT '' COMMENT '国家名(英文)',
  `pic` varchar(255) DEFAULT NULL COMMENT '国旗',
  `is_valid` tinyint(1) NOT NULL DEFAULT '1' COMMENT '状态：0无效，1有效',
  PRIMARY KEY (`id`)
) ENGINE=InnoDB AUTO_INCREMENT=33 DEFAULT CHARSET=utf8;
/*!40101 SET character_set_client = @saved_cs_client */;

--
-- Dumping data for table `country`
--

LOCK TABLES `country` WRITE;
/*!40000 ALTER TABLE `country` DISABLE KEYS */;
INSERT INTO `country` VALUES (1,'俄罗斯','Russia','/upload/country/Russia.png',1),(2,'德国','Germany','/upload/country/Germany.png',1),(3,'巴西','Brazil','/upload/country/Brazil.png',1),(4,'葡萄牙','Portugal','/upload/country/Portugal.png',1),(5,'阿根廷','Argentina','/upload/country/Argentina.png',1),(6,'比利时','Belgium','/upload/country/Belgium.png',1),(7,'波兰','Poland','/upload/country/Poland.png',1),(8,'法国','France','/upload/country/France.png',1),(9,'西班牙','Spain','/upload/country/Spain.png',1),(10,'秘鲁','Peru','/upload/country/Peru.png',1),(11,'瑞士','Switzerland','/upload/country/Switzerland.png',1),(12,'英格兰','England','/upload/country/England.png',1),(13,'哥伦比亚','Colombia','/upload/country/Colombia.png',1),(14,'墨西哥','Mexico','/upload/country/Mexico.png',1),(15,'乌拉圭','Uruguay','/upload/country/Uruguay.png',1),(16,'克罗地亚','Croatia','/upload/country/Croatia.png',1),(17,'丹麦','Denmark','/upload/country/Denmark.png',1),(18,'冰岛','Iceland','/upload/country/Iceland.png',1),(19,'哥斯达黎加','CostaRica','/upload/country/CostaRica.png',1),(20,'瑞典','Sweden','/upload/country/Sweden.png',1),(21,'突尼斯','Tunisia','/upload/country/Tunisia.png',1),(22,'埃及','Egypt','/upload/country/Egypt.png',1),(23,'塞内加尔','Senegal','/upload/country/Senegal.png',1),(24,'伊朗','Iran','/upload/country/Iran.png',1),(25,'塞尔维亚','Serbia','/upload/country/Serbia.png',1),(26,'尼日利亚','Nigeria','/upload/country/Nigeria.png',1),(27,'澳大利亚','Australia','/upload/country/Australia.png',1),(28,'日本','Japan','/upload/country/Japan.png',1),(29,'摩洛哥','Morocco','/upload/country/Morocco.png',1),(30,'巴拿马','Panama','/upload/country/Panama.png',1),(31,'韩国','SouthKorea','/upload/country/SouthKorea.png',1),(32,'沙特阿拉伯','SaudiArabia','/upload/country/SaudiArabia.png',1);
/*!40000 ALTER TABLE `country` ENABLE KEYS */;
UNLOCK TABLES;

--
-- Table structure for table `elastos_articles`
--

DROP TABLE IF EXISTS `elastos_articles`;
/*!40101 SET @saved_cs_client     = @@character_set_client */;
/*!40101 SET character_set_client = utf8 */;
CREATE TABLE `elastos_articles` (
  `id` int(11) NOT NULL AUTO_INCREMENT COMMENT '文章id',
  `title` varchar(155) NOT NULL COMMENT '文章标题',
  `description` varchar(255) NOT NULL COMMENT '文章描述',
  `keywords` varchar(155) NOT NULL COMMENT '文章关键字',
  `thumbnail` varchar(255) NOT NULL COMMENT '文章缩略图',
  `content` text NOT NULL COMMENT '文章内容',
  `add_time` datetime NOT NULL COMMENT '发布时间',
  PRIMARY KEY (`id`)
) ENGINE=InnoDB DEFAULT CHARSET=utf8;
/*!40101 SET character_set_client = @saved_cs_client */;

--
-- Dumping data for table `elastos_articles`
--

LOCK TABLES `elastos_articles` WRITE;
/*!40000 ALTER TABLE `elastos_articles` DISABLE KEYS */;
/*!40000 ALTER TABLE `elastos_articles` ENABLE KEYS */;
UNLOCK TABLES;

--
-- Table structure for table `elastos_country`
--

DROP TABLE IF EXISTS `elastos_country`;
/*!40101 SET @saved_cs_client     = @@character_set_client */;
/*!40101 SET character_set_client = utf8 */;
CREATE TABLE `elastos_country` (
  `id` int(10) unsigned NOT NULL AUTO_INCREMENT COMMENT '国家ID',
  `cname` varchar(100) NOT NULL DEFAULT '' COMMENT '国家名(中文)',
  `ename` varchar(100) NOT NULL DEFAULT '' COMMENT '国家名(英文)',
  `pic` varchar(255) DEFAULT NULL COMMENT '国旗',
  `is_valid` tinyint(1) NOT NULL DEFAULT '1' COMMENT '状态：0无效，1有效',
  PRIMARY KEY (`id`)
) ENGINE=InnoDB AUTO_INCREMENT=33 DEFAULT CHARSET=utf8;
/*!40101 SET character_set_client = @saved_cs_client */;

--
-- Dumping data for table `elastos_country`
--

LOCK TABLES `elastos_country` WRITE;
/*!40000 ALTER TABLE `elastos_country` DISABLE KEYS */;
INSERT INTO `elastos_country` VALUES (1,'俄罗斯','Russia','/upload/country/Russia.png',1),(2,'德国','Germany','/upload/country/Germany.png',1),(3,'巴西','Brazil','/upload/country/Brazil.png',1),(4,'葡萄牙','Portugal','/upload/country/Portugal.png',1),(5,'阿根廷','Argentina','/upload/country/Argentina.png',1),(6,'比利时','Belgium','/upload/country/Belgium.png',1),(7,'波兰','Poland','/upload/country/Poland.png',1),(8,'法国','France','/upload/country/France.png',1),(9,'西班牙','Spain','/upload/country/Spain.png',1),(10,'秘鲁','Peru','/upload/country/Peru.png',1),(11,'瑞士','Switzerland','/upload/country/Switzerland.png',1),(12,'英格兰','England','/upload/country/England.png',1),(13,'哥伦比亚','Colombia','/upload/country/Colombia.png',1),(14,'墨西哥','Mexico','/upload/country/Mexico.png',1),(15,'乌拉圭','Uruguay','/upload/country/Uruguay.png',1),(16,'克罗地亚','Croatia','/upload/country/Croatia.png',1),(17,'丹麦','Denmark','/upload/country/Denmark.png',1),(18,'冰岛','Iceland','/upload/country/Iceland.png',1),(19,'哥斯达黎加','CostaRica','/upload/country/CostaRica.png',1),(20,'瑞典','Sweden','/upload/country/Sweden.png',1),(21,'突尼斯','Tunisia','/upload/country/Tunisia.png',1),(22,'埃及','Egypt','/upload/country/Egypt.png',1),(23,'塞内加尔','Senegal','/upload/country/Senegal.png',1),(24,'伊朗','Iran','/upload/country/Iran.png',1),(25,'塞尔维亚','Serbia','/upload/country/Serbia.png',1),(26,'尼日利亚','Nigeria','/upload/country/Nigeria.png',1),(27,'澳大利亚','Australia','/upload/country/Australia.png',1),(28,'日本','Japan','/upload/country/Japan.png',1),(29,'摩洛哥','Morocco','/upload/country/Morocco.png',1),(30,'巴拿马','Panama','/upload/country/Panama.png',1),(31,'韩国','SouthKorea','/upload/country/SouthKorea.png',1),(32,'沙特阿拉伯','SaudiArabia','/upload/country/SaudiArabia.png',1);
/*!40000 ALTER TABLE `elastos_country` ENABLE KEYS */;
UNLOCK TABLES;

--
-- Table structure for table `elastos_members`
--

DROP TABLE IF EXISTS `elastos_members`;
/*!40101 SET @saved_cs_client     = @@character_set_client */;
/*!40101 SET character_set_client = utf8 */;
CREATE TABLE `elastos_members` (
  `user_id` int(10) unsigned NOT NULL AUTO_INCREMENT COMMENT '用户ID',
  `username` varchar(100) DEFAULT '' COMMENT '用户名',
  `password` varchar(100) DEFAULT '' COMMENT '密码',
  `mobile` varchar(45) DEFAULT '' COMMENT '手机号',
  `create_time` int(11) NOT NULL DEFAULT '0' COMMENT '创建时间',
  `referee` int(10) DEFAULT '0',
  `is_official` int(1) DEFAULT '0' COMMENT '是否是官方用户:0非官方，1官方',
  `fate_num` int(10) DEFAULT '0' COMMENT '获取的命数',
  `used_fate_num` int(10) DEFAULT '0' COMMENT '用掉的命数',
  `medal_num` int(3) DEFAULT '0' COMMENT '奖牌等级',
  `status` int(1) NOT NULL DEFAULT '1' COMMENT '状态：0禁用，1启用',
  `ident_code` varchar(10) NOT NULL COMMENT '唯一识别码',
  `parent_ident_code` varchar(10) DEFAULT NULL COMMENT '父级识别码',
  `update_time` int(11) NOT NULL DEFAULT '0' COMMENT '更新时间',
  `wallet_addr` varchar(255) DEFAULT NULL COMMENT '钱包地址',
  `topic_addr` varchar(150) DEFAULT NULL COMMENT '主题区块链地址',
  `txId` varchar(50) DEFAULT NULL,
  PRIMARY KEY (`user_id`)
) ENGINE=InnoDB AUTO_INCREMENT=112 DEFAULT CHARSET=utf8;
/*!40101 SET character_set_client = @saved_cs_client */;

--
-- Dumping data for table `elastos_members`
--

LOCK TABLES `elastos_members` WRITE;
/*!40000 ALTER TABLE `elastos_members` DISABLE KEYS */;
INSERT INTO `elastos_members` VALUES (1,'xlt','e10adc3949ba59abbe56e057f20f883e','8618516563559',1527733967,0,0,2,0,0,1,'v1te4d',NULL,1528099470,NULL,NULL,NULL),(2,'周后红','ebc48f94306ce71548f74b6dcff4bab6','8618701835519',1527739317,0,0,0,0,0,1,'ijs6tg',NULL,1527739317,NULL,NULL,NULL),(3,'elastos','e10adc3949ba59abbe56e057f20f883e','8619921411631',1527739368,0,1,0,0,0,1,'y34eb0',NULL,1527739368,NULL,NULL,NULL),(4,'Forrest','d39e1ac5c9a97991eb693fad5ab49a47','8613771862012',1527739569,0,0,0,0,0,1,'v10tgt',NULL,1527739569,NULL,NULL,NULL),(5,'lifayi','ac93fcd6b9e89ea98630cb52b229c26c','8615002168646',1527739741,0,0,0,0,0,1,'n9af0g',NULL,1527739741,NULL,NULL,NULL),(6,'zhiming','e10adc3949ba59abbe56e057f20f883e','8613764022652',1527747534,0,0,0,0,0,1,'wrhzwg',NULL,1527747534,NULL,NULL,NULL),(7,'万里','e10adc3949ba59abbe56e057f20f883e','8615000602731',1527769231,1,0,0,0,0,1,'z3nluf',NULL,1527835449,NULL,NULL,NULL),(8,'zhiming2','e10adc3949ba59abbe56e057f20f883e','',1527747534,6,0,0,0,0,1,'1234',NULL,0,NULL,NULL,NULL),(9,'brucewan','e10adc3949ba59abbe56e057f20f883e','8618626306846',1528092035,0,0,0,0,0,1,'sok4au',NULL,1528092035,NULL,NULL,NULL),(10,'ZWL','e10adc3949ba59abbe56e057f20f883e','8615190187571',1528097877,1,0,0,0,0,1,'g8jy21','v1te4d',1528097877,NULL,NULL,NULL),(11,'YMZ','e10adc3949ba59abbe56e057f20f883e','8618600848436',1528098435,1,0,0,0,0,1,'m9cnk6','v1te4d',1528098435,NULL,NULL,NULL),(12,'test1','e10adc3949ba59abbe56e057f20f883e','',1528252310,0,0,20,0,0,1,'ssf6u8','NULL',0,NULL,NULL,NULL),(13,'test2','e10adc3949ba59abbe56e057f20f883e','',1528252310,0,0,20,0,0,1,'z65ymq','NULL',0,NULL,NULL,NULL),(14,'test3','e10adc3949ba59abbe56e057f20f883e','',1528252310,0,0,11,0,0,1,'dewzza','NULL',0,NULL,NULL,NULL),(15,'test4','e10adc3949ba59abbe56e057f20f883e','',1528252310,0,0,20,0,0,1,'i0soaj','NULL',0,NULL,NULL,NULL),(16,'test5','e10adc3949ba59abbe56e057f20f883e','',1528252310,0,0,19,0,0,1,'zgzv3t','NULL',0,NULL,NULL,NULL),(17,'test6','e10adc3949ba59abbe56e057f20f883e','',1528252310,12,0,0,0,0,1,'vposqj','ssf6u8',0,NULL,NULL,NULL),(18,'test7','e10adc3949ba59abbe56e057f20f883e','',1528252310,16,0,0,0,0,1,'qz4nry','zgzv3t',0,NULL,NULL,NULL),(19,'test8','e10adc3949ba59abbe56e057f20f883e','',1528252310,12,0,0,0,0,1,'b7x03z','ssf6u8',0,NULL,NULL,NULL),(20,'test9','e10adc3949ba59abbe56e057f20f883e','',1528252310,16,0,0,0,0,1,'jagkqx','zgzv3t',0,NULL,NULL,NULL),(21,'test10','e10adc3949ba59abbe56e057f20f883e','',1528252310,13,0,0,0,0,1,'ls98iz','z65ymq',0,NULL,NULL,NULL),(22,'test11','e10adc3949ba59abbe56e057f20f883e','',1528252310,15,0,0,0,0,1,'na5cef','i0soaj',0,NULL,NULL,NULL),(23,'test12','e10adc3949ba59abbe56e057f20f883e','',1528252310,15,0,0,0,0,1,'6et8m1','i0soaj',0,NULL,NULL,NULL),(24,'test13','e10adc3949ba59abbe56e057f20f883e','',1528252310,15,0,0,0,0,1,'1n9lqi','i0soaj',0,NULL,NULL,NULL),(25,'test14','e10adc3949ba59abbe56e057f20f883e','',1528252310,12,0,0,0,0,1,'pwzhmq','ssf6u8',0,NULL,NULL,NULL),(26,'test15','e10adc3949ba59abbe56e057f20f883e','',1528252310,12,0,0,0,0,1,'m8mw4w','ssf6u8',0,NULL,NULL,NULL),(27,'test16','e10adc3949ba59abbe56e057f20f883e','',1528252310,15,0,0,0,0,1,'jsb3gi','i0soaj',0,NULL,NULL,NULL),(28,'test17','e10adc3949ba59abbe56e057f20f883e','',1528252310,15,0,0,0,0,1,'i5ix9c','i0soaj',0,NULL,NULL,NULL),(29,'test18','e10adc3949ba59abbe56e057f20f883e','',1528252310,15,0,0,0,0,1,'hk9500','i0soaj',0,NULL,NULL,NULL),(30,'test19','e10adc3949ba59abbe56e057f20f883e','',1528252310,14,0,0,0,0,1,'5xdzbs','dewzza',0,NULL,NULL,NULL),(31,'test20','e10adc3949ba59abbe56e057f20f883e','',1528252310,12,0,0,0,0,1,'9sbdgd','ssf6u8',0,NULL,NULL,NULL),(32,'test21','e10adc3949ba59abbe56e057f20f883e','',1528252310,15,0,0,0,0,1,'usglb3','i0soaj',0,NULL,NULL,NULL),(33,'test22','e10adc3949ba59abbe56e057f20f883e','',1528252310,12,0,0,0,0,1,'1mz4z9','ssf6u8',0,NULL,NULL,NULL),(34,'test23','e10adc3949ba59abbe56e057f20f883e','',1528252310,15,0,0,0,0,1,'29dfcy','i0soaj',0,NULL,NULL,NULL),(35,'test24','e10adc3949ba59abbe56e057f20f883e','',1528252310,14,0,0,0,0,1,'g18lpi','dewzza',0,NULL,NULL,NULL),(36,'test25','e10adc3949ba59abbe56e057f20f883e','',1528252310,12,0,0,0,0,1,'2jyhwg','ssf6u8',0,NULL,NULL,NULL),(37,'test26','e10adc3949ba59abbe56e057f20f883e','',1528252310,13,0,0,0,0,1,'wr2phj','z65ymq',0,NULL,NULL,NULL),(38,'test27','e10adc3949ba59abbe56e057f20f883e','',1528252310,12,0,0,0,0,1,'bc1iiu','ssf6u8',0,NULL,NULL,NULL),(39,'test28','e10adc3949ba59abbe56e057f20f883e','',1528252310,14,0,0,0,0,1,'ns7io9','dewzza',0,NULL,NULL,NULL),(40,'test29','e10adc3949ba59abbe56e057f20f883e','',1528252310,16,0,0,0,0,1,'3okrxk','zgzv3t',0,NULL,NULL,NULL),(41,'test30','e10adc3949ba59abbe56e057f20f883e','',1528252310,16,0,0,0,0,1,'hjn6wm','zgzv3t',0,NULL,NULL,NULL),(42,'test31','e10adc3949ba59abbe56e057f20f883e','',1528252310,12,0,0,0,0,1,'k6cf0q','ssf6u8',0,NULL,NULL,NULL),(43,'test32','e10adc3949ba59abbe56e057f20f883e','',1528252310,12,0,0,0,0,1,'iqtr30','ssf6u8',0,NULL,NULL,NULL),(44,'test33','e10adc3949ba59abbe56e057f20f883e','',1528252310,16,0,0,0,0,1,'l5glkm','zgzv3t',0,NULL,NULL,NULL),(45,'test34','e10adc3949ba59abbe56e057f20f883e','',1528252310,12,0,0,0,0,1,'xbpygs','ssf6u8',0,NULL,NULL,NULL),(46,'test35','e10adc3949ba59abbe56e057f20f883e','',1528252310,13,0,0,0,0,1,'ab1drv','z65ymq',0,NULL,NULL,NULL),(47,'test36','e10adc3949ba59abbe56e057f20f883e','',1528252310,15,0,0,0,0,1,'pngyhu','i0soaj',0,NULL,NULL,NULL),(48,'test37','e10adc3949ba59abbe56e057f20f883e','',1528252310,15,0,0,0,0,1,'io7l8i','i0soaj',0,NULL,NULL,NULL),(49,'test38','e10adc3949ba59abbe56e057f20f883e','',1528252310,12,0,0,0,0,1,'bj017u','ssf6u8',0,NULL,NULL,NULL),(50,'test39','e10adc3949ba59abbe56e057f20f883e','',1528252310,13,0,0,0,0,1,'tlkfpg','z65ymq',0,NULL,NULL,NULL),(51,'test40','e10adc3949ba59abbe56e057f20f883e','',1528252310,14,0,0,0,0,1,'alxvyy','dewzza',0,NULL,NULL,NULL),(52,'test41','e10adc3949ba59abbe56e057f20f883e','',1528252310,12,0,0,0,0,1,'ffwfuk','ssf6u8',0,NULL,NULL,NULL),(53,'test42','e10adc3949ba59abbe56e057f20f883e','',1528252310,16,0,0,0,0,1,'17wo47','zgzv3t',0,NULL,NULL,NULL),(54,'test43','e10adc3949ba59abbe56e057f20f883e','',1528252310,16,0,0,0,0,1,'39oqol','zgzv3t',0,NULL,NULL,NULL),(55,'test44','e10adc3949ba59abbe56e057f20f883e','',1528252310,14,0,0,0,0,1,'k1l6aa','dewzza',0,NULL,NULL,NULL),(56,'test45','e10adc3949ba59abbe56e057f20f883e','',1528252310,14,0,0,0,0,1,'rs6biv','dewzza',0,NULL,NULL,NULL),(57,'test46','e10adc3949ba59abbe56e057f20f883e','',1528252310,12,0,0,0,0,1,'47wpzr','ssf6u8',0,NULL,NULL,NULL),(58,'test47','e10adc3949ba59abbe56e057f20f883e','',1528252310,13,0,0,0,0,1,'0vsd4p','z65ymq',0,NULL,NULL,NULL),(59,'test48','e10adc3949ba59abbe56e057f20f883e','',1528252310,15,0,0,0,0,1,'t8gbph','i0soaj',0,NULL,NULL,NULL),(60,'test49','e10adc3949ba59abbe56e057f20f883e','',1528252310,16,0,0,0,0,1,'o7kygv','zgzv3t',0,NULL,NULL,NULL),(61,'test50','e10adc3949ba59abbe56e057f20f883e','',1528252310,16,0,0,0,0,1,'7k1vsn','zgzv3t',0,NULL,NULL,NULL),(62,'test51','e10adc3949ba59abbe56e057f20f883e','',1528252310,13,0,0,0,0,1,'dt1u5h','z65ymq',0,NULL,NULL,NULL),(63,'test52','e10adc3949ba59abbe56e057f20f883e','',1528252310,15,0,0,0,0,1,'krhw1e','i0soaj',0,NULL,NULL,NULL),(64,'test53','e10adc3949ba59abbe56e057f20f883e','',1528252310,13,0,0,0,0,1,'8i2adh','z65ymq',0,NULL,NULL,NULL),(65,'test54','e10adc3949ba59abbe56e057f20f883e','',1528252310,12,0,0,0,0,1,'sj46xo','ssf6u8',0,NULL,NULL,NULL),(66,'test55','e10adc3949ba59abbe56e057f20f883e','',1528252310,12,0,0,0,0,1,'b1tkhs','ssf6u8',0,NULL,NULL,NULL),(67,'test56','e10adc3949ba59abbe56e057f20f883e','',1528252310,15,0,0,0,0,1,'2xo10n','i0soaj',0,NULL,NULL,NULL),(68,'test57','e10adc3949ba59abbe56e057f20f883e','',1528252310,16,0,0,0,0,1,'552t4g','zgzv3t',0,NULL,NULL,NULL),(69,'test58','e10adc3949ba59abbe56e057f20f883e','',1528252310,16,0,0,0,0,1,'aw23am','zgzv3t',0,NULL,NULL,NULL),(70,'test59','e10adc3949ba59abbe56e057f20f883e','',1528252310,13,0,0,0,0,1,'1q416r','z65ymq',0,NULL,NULL,NULL),(71,'test60','e10adc3949ba59abbe56e057f20f883e','',1528252310,16,0,0,0,0,1,'ag4blz','zgzv3t',0,NULL,NULL,NULL),(72,'test61','e10adc3949ba59abbe56e057f20f883e','',1528252310,16,0,0,0,0,1,'vd2c0v','zgzv3t',0,NULL,NULL,NULL),(73,'test62','e10adc3949ba59abbe56e057f20f883e','',1528252310,13,0,0,0,0,1,'yyac2s','z65ymq',0,NULL,NULL,NULL),(74,'test63','e10adc3949ba59abbe56e057f20f883e','',1528252310,15,0,0,0,0,1,'u253hb','i0soaj',0,NULL,NULL,NULL),(75,'test64','e10adc3949ba59abbe56e057f20f883e','',1528252310,16,0,0,0,0,1,'vdhxgl','zgzv3t',0,NULL,NULL,NULL),(76,'test65','e10adc3949ba59abbe56e057f20f883e','',1528252310,12,0,0,0,0,1,'598glm','ssf6u8',0,NULL,NULL,NULL),(77,'test66','e10adc3949ba59abbe56e057f20f883e','',1528252310,15,0,0,0,0,1,'5ddid6','i0soaj',0,NULL,NULL,NULL),(78,'test67','e10adc3949ba59abbe56e057f20f883e','',1528252310,16,0,0,0,0,1,'zatc8m','zgzv3t',0,NULL,NULL,NULL),(79,'test68','e10adc3949ba59abbe56e057f20f883e','',1528252310,13,0,0,0,0,1,'bfleao','z65ymq',0,NULL,NULL,NULL),(80,'test69','e10adc3949ba59abbe56e057f20f883e','',1528252310,14,0,0,0,0,1,'zi9gaj','dewzza',0,NULL,NULL,NULL),(81,'test70','e10adc3949ba59abbe56e057f20f883e','',1528252310,16,0,0,0,0,1,'8pyy1v','zgzv3t',0,NULL,NULL,NULL),(82,'test71','e10adc3949ba59abbe56e057f20f883e','',1528252310,14,0,0,0,0,1,'6dbd1j','dewzza',0,NULL,NULL,NULL),(83,'test72','e10adc3949ba59abbe56e057f20f883e','',1528252310,13,0,0,0,0,1,'fhh2zr','z65ymq',0,NULL,NULL,NULL),(84,'test73','e10adc3949ba59abbe56e057f20f883e','',1528252310,13,0,0,0,0,1,'j9h6b6','z65ymq',0,NULL,NULL,NULL),(85,'test74','e10adc3949ba59abbe56e057f20f883e','',1528252310,15,0,0,0,0,1,'874cmd','i0soaj',0,NULL,NULL,NULL),(86,'test75','e10adc3949ba59abbe56e057f20f883e','',1528252310,13,0,0,0,0,1,'cbnl3v','z65ymq',0,NULL,NULL,NULL),(87,'test76','e10adc3949ba59abbe56e057f20f883e','',1528252310,12,0,0,0,0,1,'ae52oq','ssf6u8',0,NULL,NULL,NULL),(88,'test77','e10adc3949ba59abbe56e057f20f883e','',1528252310,13,0,0,0,0,1,'44te7m','z65ymq',0,NULL,NULL,NULL),(89,'test78','e10adc3949ba59abbe56e057f20f883e','',1528252310,15,0,0,0,0,1,'kzmot3','i0soaj',0,NULL,NULL,NULL),(90,'test79','e10adc3949ba59abbe56e057f20f883e','',1528252310,16,0,0,0,0,1,'yrchvn','zgzv3t',0,NULL,NULL,NULL),(91,'test80','e10adc3949ba59abbe56e057f20f883e','',1528252310,15,0,0,0,0,1,'rveocj','i0soaj',0,NULL,NULL,NULL),(92,'test81','e10adc3949ba59abbe56e057f20f883e','',1528252310,16,0,0,0,0,1,'m42c33','zgzv3t',0,NULL,NULL,NULL),(93,'test82','e10adc3949ba59abbe56e057f20f883e','',1528252310,12,0,0,0,0,1,'mrq8hf','ssf6u8',0,NULL,NULL,NULL),(94,'test83','e10adc3949ba59abbe56e057f20f883e','',1528252310,14,0,0,0,0,1,'28pqc1','dewzza',0,NULL,NULL,NULL),(95,'test84','e10adc3949ba59abbe56e057f20f883e','',1528252310,13,0,0,0,0,1,'gqhube','z65ymq',0,NULL,NULL,NULL),(96,'test85','e10adc3949ba59abbe56e057f20f883e','',1528252310,12,0,0,0,0,1,'vl503z','ssf6u8',0,NULL,NULL,NULL),(97,'test86','e10adc3949ba59abbe56e057f20f883e','',1528252310,13,0,0,0,0,1,'0vjvq2','z65ymq',0,NULL,NULL,NULL),(98,'test87','e10adc3949ba59abbe56e057f20f883e','',1528252310,15,0,0,0,0,1,'7eskfi','i0soaj',0,NULL,NULL,NULL),(99,'test88','e10adc3949ba59abbe56e057f20f883e','',1528252310,14,0,0,0,0,1,'wxqyg8','dewzza',0,NULL,NULL,NULL),(100,'test89','e10adc3949ba59abbe56e057f20f883e','',1528252310,13,0,0,0,0,1,'6ofi8z','z65ymq',0,NULL,NULL,NULL),(101,'test90','e10adc3949ba59abbe56e057f20f883e','',1528252310,13,0,0,0,0,1,'mds9x4','z65ymq',0,NULL,NULL,NULL),(102,'test91','e10adc3949ba59abbe56e057f20f883e','',1528252310,13,0,0,0,0,1,'bcuqwx','z65ymq',0,NULL,NULL,NULL),(103,'test92','e10adc3949ba59abbe56e057f20f883e','',1528252310,13,0,0,0,0,1,'1lj6w0','z65ymq',0,NULL,NULL,NULL),(104,'test93','e10adc3949ba59abbe56e057f20f883e','',1528252310,14,0,0,0,0,1,'i1wxy3','dewzza',0,NULL,NULL,NULL),(105,'test94','e10adc3949ba59abbe56e057f20f883e','',1528252310,15,0,0,0,0,1,'h6k1k6','i0soaj',0,NULL,NULL,NULL),(106,'test95','e10adc3949ba59abbe56e057f20f883e','',1528252310,16,0,0,0,0,1,'vu7oqn','zgzv3t',0,NULL,NULL,NULL),(107,'test96','e10adc3949ba59abbe56e057f20f883e','',1528252310,0,0,0,0,0,1,'qtkzp6','NULL',0,NULL,NULL,NULL),(108,'test97','e10adc3949ba59abbe56e057f20f883e','',1528252310,0,0,0,0,0,1,'p94vnb','NULL',0,NULL,NULL,NULL),(109,'test98','e10adc3949ba59abbe56e057f20f883e','',1528252310,0,0,0,0,0,1,'4rivbw','NULL',0,NULL,NULL,NULL),(110,'test99','e10adc3949ba59abbe56e057f20f883e','',1528252310,0,0,0,0,0,1,'vjfned','NULL',0,NULL,NULL,NULL),(111,'test100','e10adc3949ba59abbe56e057f20f883e','',1528252310,0,0,0,0,0,1,'6jc4m5','NULL',0,NULL,NULL,NULL);
/*!40000 ALTER TABLE `elastos_members` ENABLE KEYS */;
UNLOCK TABLES;

--
-- Table structure for table `elastos_node`
--

DROP TABLE IF EXISTS `elastos_node`;
/*!40101 SET @saved_cs_client     = @@character_set_client */;
/*!40101 SET character_set_client = utf8 */;
CREATE TABLE `elastos_node` (
  `id` int(11) NOT NULL AUTO_INCREMENT,
  `node_name` varchar(155) NOT NULL DEFAULT '' COMMENT '节点名称',
  `control_name` varchar(155) NOT NULL DEFAULT '' COMMENT '控制器名',
  `action_name` varchar(155) NOT NULL COMMENT '方法名',
  `is_menu` tinyint(1) NOT NULL DEFAULT '1' COMMENT '是否是菜单项 1不是 2是',
  `type_id` int(11) NOT NULL COMMENT '父级节点id',
  `style` varchar(155) DEFAULT '' COMMENT '菜单样式',
  PRIMARY KEY (`id`)
) ENGINE=InnoDB AUTO_INCREMENT=25 DEFAULT CHARSET=utf8 ROW_FORMAT=DYNAMIC;
/*!40101 SET character_set_client = @saved_cs_client */;

--
-- Dumping data for table `elastos_node`
--

LOCK TABLES `elastos_node` WRITE;
/*!40000 ALTER TABLE `elastos_node` DISABLE KEYS */;
INSERT INTO `elastos_node` VALUES (1,'用户管理','#','#',2,0,'fa fa-users'),(2,'管理员管理','user','index',2,1,''),(3,'添加管理员','user','useradd',1,2,''),(4,'编辑管理员','user','useredit',1,2,''),(5,'删除管理员','user','userdel',1,2,''),(6,'角色管理','role','index',2,1,''),(7,'添加角色','role','roleadd',1,6,''),(8,'编辑角色','role','roleedit',1,6,''),(9,'删除角色','role','roledel',1,6,''),(15,'节点管理','node','index',2,1,''),(16,'添加节点','node','nodeadd',1,15,''),(17,'编辑节点','node','nodeedit',1,15,''),(18,'删除节点','node','nodedel',1,15,''),(19,'文章管理','articles','index',2,0,'fa fa-book'),(20,'文章列表','articles','index',2,19,''),(21,'添加文章','articles','articleadd',1,19,''),(22,'编辑文章','articles','articleedit',1,19,''),(23,'删除文章','articles','articledel',1,19,''),(24,'上传图片','articles','uploadImg',1,19,'');
/*!40000 ALTER TABLE `elastos_node` ENABLE KEYS */;
UNLOCK TABLES;

--
-- Table structure for table `elastos_operator_logs`
--

DROP TABLE IF EXISTS `elastos_operator_logs`;
/*!40101 SET @saved_cs_client     = @@character_set_client */;
/*!40101 SET character_set_client = utf8 */;
CREATE TABLE `elastos_operator_logs` (
  `log_id` int(10) unsigned NOT NULL AUTO_INCREMENT COMMENT '日志编号',
  `op_id` int(10) DEFAULT NULL COMMENT '操作人ID',
  `op_account` varchar(50) DEFAULT NULL COMMENT '操作员账号',
  `op_name` varchar(50) DEFAULT NULL COMMENT '姓名',
  `op_bn` varchar(50) DEFAULT NULL COMMENT '操作人编号',
  `app` varchar(50) NOT NULL COMMENT '程序目录',
  `ctl` varchar(50) NOT NULL COMMENT '控制器',
  `act` varchar(50) DEFAULT NULL COMMENT '动作',
  `method` enum('post','get') NOT NULL DEFAULT 'post' COMMENT '提交方法',
  `module` varchar(255) NOT NULL COMMENT '日志模块',
  `operate_type` varchar(255) NOT NULL COMMENT '操作类型',
  `param` varchar(255) DEFAULT NULL COMMENT '参数',
  `dateline` int(11) unsigned NOT NULL COMMENT '操作时间',
  PRIMARY KEY (`log_id`)
) ENGINE=InnoDB DEFAULT CHARSET=utf8;
/*!40101 SET character_set_client = @saved_cs_client */;

--
-- Dumping data for table `elastos_operator_logs`
--

LOCK TABLES `elastos_operator_logs` WRITE;
/*!40000 ALTER TABLE `elastos_operator_logs` DISABLE KEYS */;
/*!40000 ALTER TABLE `elastos_operator_logs` ENABLE KEYS */;
UNLOCK TABLES;

--
-- Table structure for table `elastos_role`
--

DROP TABLE IF EXISTS `elastos_role`;
/*!40101 SET @saved_cs_client     = @@character_set_client */;
/*!40101 SET character_set_client = utf8 */;
CREATE TABLE `elastos_role` (
  `id` int(11) NOT NULL AUTO_INCREMENT COMMENT 'id',
  `role_name` varchar(155) NOT NULL COMMENT '角色名称',
  `rule` varchar(255) DEFAULT '' COMMENT '权限节点数据',
  PRIMARY KEY (`id`)
) ENGINE=InnoDB AUTO_INCREMENT=3 DEFAULT CHARSET=utf8 ROW_FORMAT=DYNAMIC;
/*!40101 SET character_set_client = @saved_cs_client */;

--
-- Dumping data for table `elastos_role`
--

LOCK TABLES `elastos_role` WRITE;
/*!40000 ALTER TABLE `elastos_role` DISABLE KEYS */;
INSERT INTO `elastos_role` VALUES (1,'超级管理员','*'),(2,'系统维护员','1,2,3,4,5,6,7,8,9,10');
/*!40000 ALTER TABLE `elastos_role` ENABLE KEYS */;
UNLOCK TABLES;

--
-- Table structure for table `elastos_sms_log`
--

DROP TABLE IF EXISTS `elastos_sms_log`;
/*!40101 SET @saved_cs_client     = @@character_set_client */;
/*!40101 SET character_set_client = utf8 */;
CREATE TABLE `elastos_sms_log` (
  `log_id` int(10) unsigned NOT NULL AUTO_INCREMENT COMMENT '日志ID',
  `mobile` varchar(45) NOT NULL DEFAULT '0' COMMENT '手机号',
  `content` int(11) DEFAULT '0' COMMENT '内容',
  `send_time` varchar(100) NOT NULL DEFAULT '' COMMENT '发送时间',
  `status` tinyint(1) NOT NULL DEFAULT '0' COMMENT '状态：0未发送，1发送成功，2发送失败',
  PRIMARY KEY (`log_id`)
) ENGINE=InnoDB DEFAULT CHARSET=utf8;
/*!40101 SET character_set_client = @saved_cs_client */;

--
-- Dumping data for table `elastos_sms_log`
--

LOCK TABLES `elastos_sms_log` WRITE;
/*!40000 ALTER TABLE `elastos_sms_log` DISABLE KEYS */;
/*!40000 ALTER TABLE `elastos_sms_log` ENABLE KEYS */;
UNLOCK TABLES;

--
-- Table structure for table `elastos_topic`
--

DROP TABLE IF EXISTS `elastos_topic`;
/*!40101 SET @saved_cs_client     = @@character_set_client */;
/*!40101 SET character_set_client = utf8 */;
CREATE TABLE `elastos_topic` (
  `topic_id` int(10) unsigned NOT NULL AUTO_INCREMENT COMMENT '主题ID',
  `title` varchar(100) DEFAULT '' COMMENT '标题',
  `desc` varchar(200) DEFAULT '' COMMENT '描述',
  `start_time` int(11) NOT NULL DEFAULT '0' COMMENT '开始时间',
  `start_date` int(11) NOT NULL DEFAULT '0' COMMENT '开始日期',
  `end_time` int(11) NOT NULL DEFAULT '0' COMMENT '结束时间',
  `user_id` int(10) DEFAULT '0' COMMENT '创建人ID',
  `choice` tinyint(1) NOT NULL DEFAULT '0' COMMENT '选择类型：0单选，1多选',
  `is_official` int(1) DEFAULT '0' COMMENT '是否是官方用户:0非官方，1官方',
  `create_time` int(11) NOT NULL DEFAULT '0' COMMENT '创建时间',
  `total_vote_num` int(10) DEFAULT '0' COMMENT '投票总数',
  `type` int(2) NOT NULL DEFAULT '1' COMMENT '类型：0其他，1世界杯',
  `status` int(2) NOT NULL DEFAULT '0' COMMENT '投票活动状态：0未开始，1待设置答案，2已设置答案，3结束',
  `answer` varchar(100) DEFAULT NULL COMMENT '答案选项',
  `answer_status` int(1) NOT NULL DEFAULT '0' COMMENT '设置答案状态：0未设置，1已设置',
  `is_valid` tinyint(1) NOT NULL DEFAULT '0' COMMENT '有效状态：0无效，1有效',
  `start_gmt_time` int(11) NOT NULL DEFAULT '0' COMMENT '格林威治开始时间（世界时间）',
  PRIMARY KEY (`topic_id`)
) ENGINE=InnoDB AUTO_INCREMENT=196 DEFAULT CHARSET=utf8;
/*!40101 SET character_set_client = @saved_cs_client */;

--
-- Dumping data for table `elastos_topic`
--

LOCK TABLES `elastos_topic` WRITE;
/*!40000 ALTER TABLE `elastos_topic` DISABLE KEYS */;
INSERT INTO `elastos_topic` VALUES (2,'测试单选查看是否显示正常','单选',1527744566,1527696000,1527742766,1,0,0,1527742658,0,1,1,NULL,0,1,1527715766),(3,'测试时间显示是否正常','复选',1527744900,1527696000,1527743100,1,1,0,1527742782,1,1,1,NULL,0,1,1527716100),(4,'测试内容较长觉咯莫我们乐扣乐扣么弄弄弄虚退了吧看看极乐净土健健康康弄的极乐净土天天用没法看了生日快乐模具凸透镜土农民','内容较长钢甲卡卡龙都弄考虑兔兔弄的某土龙路信用贷款哭哭啼啼我我弄',1527745200,1527696000,1527743400,1,1,0,1527743069,1,1,1,NULL,0,1,1527716400),(5,'周末high','测试',1530425731,1530374400,1530423931,5,0,0,1527745599,1,1,1,NULL,0,1,1530396931),(6,'测试1','test',1527751800,1527696000,1527750000,6,0,0,1527747668,0,1,2,'17',1,1,1527723000),(10,'法国vs瑞典','法国vs瑞典',1530432257,1530374400,1528252348,3,0,1,1527752169,103,1,2,'27',1,1,1530403457),(11,'摩洛哥vs伊朗','世界杯',1529064000,1528992000,1528252348,3,0,1,1527752498,103,1,2,'31',1,1,1529035200),(12,'晚饭吃什么','有人不吃猪肉',1527758940,1527696000,1527757140,1,0,0,1527753454,0,1,1,NULL,0,1,1527730140),(13,'俄罗斯vs沙特','世界杯',1528988400,1528905600,1528252348,3,0,1,1527756818,100,1,2,'36',1,0,1528959600),(14,'俄罗斯vs沙特阿拉伯','世界杯',1528988400,1528905600,1528252348,3,0,1,1527756883,103,1,2,'38',1,1,1528959600),(15,'埃及vs乌拉圭','世界杯',1529064000,1528992000,1528252348,3,0,1,1527756981,103,1,2,'41',1,1,1529035200),(16,'葡萄牙vs西班牙','世界杯',1528999200,1528992000,1528252348,3,0,1,1527763651,100,1,2,'44',1,0,1528970400),(17,'测试看返回','哈哈哈',1530443953,1530374400,1530442153,1,0,0,1527763782,0,1,0,NULL,0,0,1530415153),(18,'推荐','看看',1527765621,1527696000,1527763821,1,0,0,1527763836,0,1,0,NULL,0,0,1527736821),(19,'把的么图片','回来',1530444107,1530374400,1528252348,3,0,1,1527763932,100,1,2,'52',1,0,1530415307),(20,'葡萄牙vs西班牙','世界杯',1528999200,1528992000,1528252348,3,0,1,1527764255,102,1,2,'56',1,1,1528970400),(21,'法国vs澳大利亚','世界杯',1529056800,1528992000,1528252348,3,0,1,1527764333,101,1,2,'59',1,1,1529028000),(22,'阿根廷vs冰岛','世界杯',1529067600,1528992000,1528252348,3,0,1,1527764533,101,1,2,'62',1,1,1529038800),(23,'感觉','看看',1527770148,1527696000,1527768348,1,0,0,1527768362,0,1,0,NULL,0,0,1527741348),(24,'测试截止时间','单选',1527834180,1527782400,1527832380,1,0,0,1527832276,0,1,1,NULL,0,1,1527805380),(25,'测试截止时间','复选',1527834180,1527782400,1527832380,1,1,0,1527832353,0,1,1,NULL,0,1,1527805380),(26,'测试时间','阿奴',1527834317,1527782400,1527832517,1,0,0,1527832434,0,1,1,NULL,0,1,1527805517),(27,'测试所在','单选',1527842142,1527782400,1527840342,1,0,0,1527840136,0,1,1,NULL,0,1,1527813342),(28,'顺风车','风光好',1530431180,1530374400,1530429380,7,0,0,1527841006,0,1,0,NULL,0,0,1530402380),(29,'查看分享信息','测试',1527844838,1527782400,1527843038,1,0,0,1527842898,0,1,2,'79',1,1,1527816038),(30,'查看分享','测试',1527939304,1527868800,1527937504,1,0,0,1527843957,0,1,1,NULL,0,1,1527910504),(31,'标题','说明',1535801369,1535731200,1535799569,2,1,0,1527850546,0,1,1,NULL,0,1,1535772569),(32,'多选投票','测试多次参与问题累计结果',1527941662,1527868800,1527939862,1,1,0,1527853546,0,1,1,NULL,0,1,1527912862),(33,'测试选项为2项','单选',1528031286,1527955200,1528029486,1,0,0,1527856759,0,1,1,NULL,0,1,1528002486),(133,'Russia vs Saudi Arabia','',1528988400,1528905600,1528252348,3,0,1,1527923448,100,1,2,'388',1,1,1528959600),(134,'Egypt vs Uruguay','',1529064000,1528992000,1528252348,3,0,1,1527923448,101,1,2,'391',1,1,1529035200),(135,'Morocco vs IR Iran','',1529074800,1528992000,1528252348,3,0,1,1527923448,100,1,2,'394',1,1,1529046000),(136,'Portugal vs Spain','',1529085600,1528992000,1528252348,3,0,1,1527923448,100,1,2,'396',1,1,1529056800),(137,'France vs Australia','',1529143200,1529078400,1528252348,3,0,1,1527923448,100,1,2,'399',1,1,1529114400),(138,'Argentina vs Iceland','',1529154000,1529078400,1528252348,3,0,1,1527923448,100,1,2,'404',1,1,1529125200),(139,'Peru vs Denmark','',1529164800,1529078400,1528252348,3,0,1,1527923448,100,1,2,'405',1,1,1529136000),(140,'Croatia vs Nigeria','',1529175600,1529078400,1528252348,3,0,1,1527923448,100,1,2,'409',1,1,1529146800),(141,'Costa Rica vs Serbia','',1529236800,1529164800,1528252348,3,0,1,1527923448,100,1,2,'411',1,1,1529208000),(142,'Germany vs Mexico','',1529247600,1529164800,1528252348,3,0,1,1527923448,100,1,2,'416',1,1,1529218800),(143,'Brazil vs Switzerland','',1529258400,1529164800,1528252348,3,0,1,1527923448,100,1,2,'418',1,1,1529229600),(144,'Sweden vs Korea Republic','',1529323200,1529251200,1528252348,3,0,1,1527923448,100,1,2,'422',1,1,1529294400),(145,'Belgium vs Panama','',1529334000,1529251200,1528252348,3,0,1,1527923448,100,1,2,'423',1,1,1529305200),(146,'Tunisia vs England','',1529344800,1529251200,1528252348,3,0,1,1527923448,100,1,2,'428',1,1,1529316000),(147,'Colombia vs Japan','',1529409600,1529337600,1528252348,3,0,1,1527923448,101,1,2,'429',1,1,1529380800),(148,'Poland vs Senegal','',1529420400,1529337600,1528252348,3,0,1,1527923448,100,1,2,'432',1,1,1529391600),(149,'Russia vs Egypt','',1529431200,1529337600,1528252348,3,0,1,1527923448,100,1,2,'437',1,1,1529402400),(150,'Portugal vs Morocco','',1529496000,1529424000,1528252348,3,0,1,1527923448,100,1,2,'439',1,1,1529467200),(151,'Uruguay vs Saudi Arabia','',1529506800,1529424000,1528252348,3,0,1,1527923448,100,1,2,'441',1,1,1529478000),(152,'IR Iran vs Spain','',1529517600,1529424000,1528252348,3,0,1,1527923448,100,1,2,'446',1,1,1529488800),(153,'Denmark vs Australia','',1529582400,1529510400,1528252348,3,0,1,1527923448,100,1,2,'447',1,1,1529553600),(154,'France vs Peru','',1529593200,1529510400,1528252348,3,0,1,1527923448,100,1,2,'450',1,1,1529564400),(155,'Argentina vs Croatia','',1529604000,1529510400,1528252348,3,0,1,1527923448,100,1,2,'454',1,1,1529575200),(156,'Brazil vs Costa Rica','',1529668800,1529596800,1528252348,3,0,1,1527923448,100,1,2,'458',1,1,1529640000),(157,'Nigeria vs Iceland','',1529679600,1529596800,1528252348,3,0,1,1527923448,100,1,2,'460',1,1,1529650800),(158,'Serbia vs Switzerland','',1529690400,1529596800,1528252348,3,0,1,1527923448,100,1,2,'462',1,1,1529661600),(159,'Belgium vs Tunisia','',1529755200,1529683200,1528252348,3,0,1,1527923448,100,1,2,'465',1,1,1529726400),(160,'Korea Republic vs Mexico','',1529766000,1529683200,1528252348,3,0,1,1527923448,100,1,2,'469',1,1,1529737200),(161,'Germany vs Sweden','',1529776800,1529683200,1528252348,3,0,1,1527923448,100,1,2,'472',1,1,1529748000),(162,'England vs Panama','',1529841600,1529769600,1528252348,3,0,1,1527923448,100,1,2,'475',1,1,1529812800),(163,'Japan vs Senegal','',1529852400,1529769600,1528252348,3,0,1,1527923448,100,1,2,'478',1,1,1529823600),(164,'Poland vs Colombia','',1529863200,1529769600,1528252348,3,0,1,1527923448,100,1,2,'480',1,1,1529834400),(165,'Uruguay vs Russia','',1529928000,1529856000,1528252348,3,0,1,1527923448,100,1,2,'485',1,1,1529899200),(166,'Saudi Arabia vs Egypt','',1529938800,1529856000,1528252348,3,0,1,1527923448,100,1,2,'488',1,1,1529910000),(167,'IR Iran vs Portugal','',1529949600,1529856000,1528252348,3,0,1,1527923448,100,1,2,'491',1,1,1529920800),(168,'Spain vs Morocco','',1529949600,1529856000,1528252348,3,0,1,1527923448,100,1,2,'492',1,1,1529920800),(169,'Denmark vs France','',1530021600,1529942400,1528252348,3,0,1,1527923448,100,1,2,'495',1,1,1529992800),(170,'Australia vs Peru','',1530021600,1529942400,1528252348,3,0,1,1527923448,100,1,2,'498',1,1,1529992800),(171,'Nigeria vs Argentina','',1530036000,1529942400,1528252348,3,0,1,1527923448,100,1,2,'502',1,1,1530007200),(172,'Iceland vs Croatia','',1530036000,1529942400,1528252348,3,0,1,1527923448,100,1,2,'505',1,1,1530007200),(173,'Mexico vs Sweden','',1530108000,1530028800,1528252348,3,0,1,1527923448,100,1,2,'509',1,1,1530079200),(174,'Korea Republic vs Germany','',1530108000,1530028800,1528252348,3,0,1,1527923448,100,1,2,'510',1,1,1530079200),(175,'Serbia vs Brazil','',1530122400,1530028800,1528252348,3,0,1,1527923448,100,1,2,'514',1,1,1530093600),(176,'Switzerland vs Croatia','',1530122400,1530028800,1528252348,3,0,1,1527923448,100,1,2,'517',1,1,1530093600),(177,'Japan vs Poland','',1530194400,1530115200,1528252348,3,0,1,1527923448,100,1,2,'521',1,1,1530165600),(178,'Senegal vs Colombia','',1530194400,1530115200,1528252348,3,0,1,1527923448,100,1,2,'522',1,1,1530165600),(179,'Panama vs Tunisia','',1530208800,1530115200,1528252348,3,0,1,1527923448,100,1,2,'526',1,1,1530180000),(180,'England vs Belgium','',1530208800,1530115200,1528252348,3,0,1,1527923448,100,1,2,'528',1,1,1530180000),(181,'测试2','世界杯',1529085600,1529078400,1528252348,3,0,1,1527924010,100,1,2,'531',1,1,1529056800),(182,'12345 vs 123456','世界杯',1528826400,1528819200,1528252348,3,0,1,1527986375,100,1,2,'533',1,1,1528826400),(183,'测试热门投票的更多','测试',1528164374,1528128000,1528162574,1,0,0,1528076240,0,1,1,NULL,0,1,1528135574),(184,'普通用户创建','测试',1528251091,1528214400,1528249291,1,0,0,1528076558,0,1,1,NULL,0,1,1528222291),(185,'普通用户创建4选项','测试',1528251288,1528214400,1528249488,1,0,0,1528076735,0,1,1,NULL,0,1,1528222488),(186,'普通用户创建投票5选项','测试',1528079400,1528041600,1528077600,1,0,0,1528077436,0,1,1,NULL,0,1,1528050600),(187,'普通用户创建投票复选','测试',1528080000,1528041600,1528078200,1,0,0,1528077638,0,1,0,NULL,0,0,1528051200),(188,'普通用户创建多选投票','测试',1528081200,1528041600,1528079400,1,1,0,1528078354,0,1,1,NULL,0,1,1528052400),(189,'创建多选','测试',1528183200,1528128000,1528181400,7,1,0,1528095150,1,1,2,'558,559',1,1,1528154400),(190,'多选2','测试',1528183605,1528128000,1528181805,7,1,0,1528095444,1,1,2,'563,564',1,1,1528154805),(191,'看分享','测试',1528272208,1528214400,1528270408,1,1,0,1528097658,0,1,1,NULL,0,1,1528243408),(192,'test ','for ',1528080647,1528041600,1528078847,6,0,0,1528107681,0,1,0,NULL,0,0,1528080647),(193,'测试选项2','测试',1528372016,1528300800,1528370216,1,0,0,1528111043,0,1,1,NULL,0,1,1528343216),(194,'测试一下','测试',1528631503,1528560000,1528629703,1,0,0,1528111332,0,1,0,NULL,0,0,1528602703),(195,'测试中英文','测试',1528372851,1528300800,1528371051,1,0,0,1528111889,0,1,0,NULL,0,0,1528344051);
/*!40000 ALTER TABLE `elastos_topic` ENABLE KEYS */;
UNLOCK TABLES;

--
-- Table structure for table `elastos_topic_option`
--

DROP TABLE IF EXISTS `elastos_topic_option`;
/*!40101 SET @saved_cs_client     = @@character_set_client */;
/*!40101 SET character_set_client = utf8 */;
CREATE TABLE `elastos_topic_option` (
  `option_id` int(10) unsigned NOT NULL AUTO_INCREMENT COMMENT '主题选项ID',
  `topic_id` int(11) NOT NULL DEFAULT '0' COMMENT '主题ID',
  `content` varchar(100) DEFAULT '' COMMENT '选项内容',
  `vote_num` int(11) NOT NULL DEFAULT '0' COMMENT '投票次数',
  `is_answer` tinyint(1) NOT NULL DEFAULT '0' COMMENT '答案：0无，1是，2否',
  `create_time` int(11) NOT NULL DEFAULT '0' COMMENT '创建时间',
  `update_time` int(11) NOT NULL DEFAULT '0' COMMENT '更新时间',
  `status` tinyint(1) NOT NULL DEFAULT '0' COMMENT '选项状态：0废弃，1正常',
  `country_id` int(11) DEFAULT '0' COMMENT '国旗ID',
  `txId` varchar(50) DEFAULT NULL,
  PRIMARY KEY (`option_id`)
) ENGINE=InnoDB AUTO_INCREMENT=578 DEFAULT CHARSET=utf8;
/*!40101 SET character_set_client = @saved_cs_client */;

--
-- Dumping data for table `elastos_topic_option`
--

LOCK TABLES `elastos_topic_option` WRITE;
/*!40000 ALTER TABLE `elastos_topic_option` DISABLE KEYS */;
INSERT INTO `elastos_topic_option` VALUES (1,1,'食堂',0,0,1527741507,1527741507,0,0,NULL),(2,1,'外面',0,0,1527741507,1527741507,0,0,NULL),(3,2,'选项1',0,0,1527742658,1527742658,0,0,NULL),(4,2,'选项2',0,0,1527742658,1527742658,0,0,NULL),(5,2,'选项3',0,0,1527742658,1527742658,0,0,NULL),(6,3,'选项1',1,0,1527742782,1527753780,0,0,NULL),(7,3,'选项2',1,0,1527742782,1527753780,0,0,NULL),(8,3,'选项3',0,0,1527742782,1527742782,0,0,NULL),(9,3,'选项4',0,0,1527742782,1527742782,0,0,NULL),(10,4,'选项1856658855啊据统计弄的东西额截图看看里面我等嗯我亏路路通美女图是弄弄拉出来旅途空拉拉扯扯不听我的啊鸡兔同笼动物我饿了吗魔域同学哦今天太累了农用把的么图片阿里通浓郁说白了与',1,0,1527743069,1528092316,0,0,NULL),(11,4,'选项2总局偷摸摸动植物喇叭裤通用嗯就是力量基本农作物下雨天了吧天冷肯用也许是吧了啊具体时间空附图家里下雨吐了阿龙英语听力默默楼回去屋里国庆节选',1,0,1527743069,1528092316,0,0,NULL),(12,4,'选项3',0,0,1527743069,1527743069,0,0,NULL),(13,4,'选项4',0,0,1527743069,1527743069,0,0,NULL),(14,5,'在家看电视',0,0,1527745599,1527745599,0,0,NULL),(15,5,'在家睡觉',1,0,1527745599,1528095386,0,0,NULL),(16,5,'在家打游戏',0,0,1527745599,1527745599,0,0,NULL),(17,6,'a胜',0,1,1527747668,1527864669,0,0,NULL),(18,6,'b胜',0,2,1527747668,1527864669,0,0,NULL),(27,10,'France',48,1,1527752169,1528252327,0,8,NULL),(28,10,'Sweden',55,2,1527752169,1528252327,0,20,NULL),(29,11,'Morocco',39,2,1527752498,1528252327,0,29,NULL),(30,11,'Iran',27,2,1527752498,1528252327,0,24,NULL),(31,11,'TIE',37,1,1527752498,1528252327,0,0,NULL),(32,12,'食堂',0,0,1527753454,1527753454,0,0,NULL),(33,12,'餐厅',0,0,1527753454,1527753454,0,0,NULL),(34,12,'外面吃',0,0,1527753454,1527753454,0,0,NULL),(35,13,'俄罗斯',40,2,1527756818,1528252327,0,1,NULL),(36,13,'沙特阿拉伯',22,1,1527756818,1528252327,0,32,NULL),(37,13,'平局',38,2,1527756818,1528252327,0,0,NULL),(38,14,'俄罗斯',27,1,1527756883,1528252327,0,1,NULL),(39,14,'沙特阿拉伯',35,2,1527756883,1528252327,0,32,NULL),(40,14,'平局',41,2,1527756883,1528252327,0,0,NULL),(41,15,'埃及',41,1,1527756981,1528252327,0,22,NULL),(42,15,'乌拉圭',34,2,1527756981,1528252327,0,15,NULL),(43,15,'平局',28,2,1527756981,1528252327,0,0,NULL),(44,16,'葡萄牙',34,1,1527763651,1528252327,0,4,NULL),(45,16,'西班牙',34,2,1527763651,1528252327,0,9,NULL),(46,16,'平局',32,2,1527763651,1528252327,0,0,NULL),(47,17,'选项1',0,0,1527763782,1527763782,0,0,NULL),(48,17,'选项2',0,0,1527763782,1527763782,0,0,NULL),(49,17,'选项3',0,0,1527763782,1527763782,0,0,NULL),(50,18,'1',0,0,1527763836,1527763836,0,0,NULL),(51,18,'2',0,0,1527763836,1527763836,0,0,NULL),(52,19,'1',49,1,1527763932,1528252327,0,0,NULL),(53,19,'2',51,2,1527763932,1528252327,0,0,NULL),(54,20,'西班牙',44,2,1527764255,1528252327,0,9,NULL),(55,20,'葡萄牙',30,2,1527764255,1528252327,0,4,NULL),(56,20,'平局',28,1,1527764255,1528252327,0,0,NULL),(57,21,'法国',44,2,1527764333,1528252327,0,8,NULL),(58,21,'澳大利亚',28,2,1527764333,1528252327,0,27,NULL),(59,21,'平局',29,1,1527764333,1528252327,0,0,NULL),(60,22,'阿根廷',42,2,1527764533,1528252327,0,5,NULL),(61,22,'冰岛',39,2,1527764533,1528252327,0,18,NULL),(62,22,'平局',20,1,1527764533,1528252327,0,0,NULL),(63,23,'就',0,0,1527768362,1527768362,0,0,NULL),(64,23,'看看',0,0,1527768362,1527768362,0,0,NULL),(65,24,'选项1',0,0,1527832276,1527832276,0,0,NULL),(66,24,'选项2',0,0,1527832276,1527832276,0,0,NULL),(67,24,'选项3',0,0,1527832276,1527832276,0,0,NULL),(68,25,'选项1',0,0,1527832353,1527832353,0,0,NULL),(69,25,'选项2',0,0,1527832353,1527832353,0,0,NULL),(70,25,'选项3',0,0,1527832353,1527832353,0,0,NULL),(71,25,'选项4',0,0,1527832353,1527832353,0,0,NULL),(72,26,'选项1',0,0,1527832434,1527832434,0,0,NULL),(73,26,'选项2',0,0,1527832434,1527832434,0,0,NULL),(74,27,'选项1',0,0,1527840136,1527840136,0,0,NULL),(75,27,'选项2',0,0,1527840136,1527840136,0,0,NULL),(76,28,'123',0,0,1527841006,1527841006,0,0,NULL),(77,28,'122',0,0,1527841006,1527841006,0,0,NULL),(78,29,'选项1',0,2,1527842898,1527843533,0,0,NULL),(79,29,'选项2',0,1,1527842898,1527843533,0,0,NULL),(80,29,'选项3',0,2,1527842898,1527843533,0,0,NULL),(81,30,'选项1',0,0,1527843957,1527843957,0,0,NULL),(82,30,'选项2',0,0,1527843957,1527843957,0,0,NULL),(83,31,'中国胜利',0,0,1527850546,1527850546,0,0,NULL),(84,31,'美国胜利',0,0,1527850546,1527850546,0,0,NULL),(85,31,'平局',0,0,1527850546,1527850546,0,0,NULL),(86,32,'选项1',0,0,1527853546,1527853546,0,0,NULL),(87,32,'选项2',0,0,1527853546,1527853546,0,0,NULL),(88,32,'选项3',0,0,1527853546,1527853546,0,0,NULL),(89,32,'选项4',0,0,1527853546,1527853546,0,0,NULL),(90,32,'选项5',0,0,1527853546,1527853546,0,0,NULL),(91,33,'选择1',0,0,1527856759,1527856759,0,0,NULL),(92,33,'选择2',0,0,1527856759,1527856759,0,0,NULL),(387,133,'Russia',31,2,1527923448,1528252327,0,1,NULL),(388,133,'SaudiArabia',25,1,1527923448,1528252327,0,32,NULL),(389,133,'TIE',44,2,1527923448,1528252327,0,0,NULL),(390,134,'Egypt',30,2,1527923448,1528252327,0,22,NULL),(391,134,'Uruguay',35,1,1527923448,1528252327,0,15,NULL),(392,134,'TIE',36,2,1527923448,1528252327,0,0,NULL),(393,135,'Morocco',38,2,1527923448,1528252327,0,29,NULL),(394,135,'Iran',34,1,1527923448,1528252327,0,24,NULL),(395,135,'TIE',28,2,1527923448,1528252327,0,0,NULL),(396,136,'Portugal',26,1,1527923448,1528252327,0,4,NULL),(397,136,'Spain',38,2,1527923448,1528252327,0,9,NULL),(398,136,'TIE',36,2,1527923448,1528252327,0,0,NULL),(399,137,'France',39,1,1527923448,1528252327,0,8,NULL),(400,137,'Australia',25,2,1527923448,1528252327,0,27,NULL),(401,137,'TIE',36,2,1527923448,1528252327,0,0,NULL),(402,138,'Argentina',24,2,1527923448,1528252327,0,5,NULL),(403,138,'Iceland',36,2,1527923448,1528252327,0,18,NULL),(404,138,'TIE',40,1,1527923448,1528252327,0,0,NULL),(405,139,'Peru',46,1,1527923448,1528252327,0,10,NULL),(406,139,'Denmark',32,2,1527923448,1528252327,0,17,NULL),(407,139,'TIE',22,2,1527923448,1528252327,0,0,NULL),(408,140,'Croatia',27,2,1527923448,1528252327,0,16,NULL),(409,140,'Nigeria',42,1,1527923448,1528252327,0,26,NULL),(410,140,'TIE',31,2,1527923448,1528252327,0,0,NULL),(411,141,'CostaRica',38,1,1527923448,1528252327,0,19,NULL),(412,141,'Serbia',35,2,1527923448,1528252327,0,25,NULL),(413,141,'TIE',27,2,1527923448,1528252327,0,0,NULL),(414,142,'Germany',25,2,1527923448,1528252327,0,2,NULL),(415,142,'Mexico',33,2,1527923448,1528252327,0,14,NULL),(416,142,'TIE',42,1,1527923448,1528252327,0,0,NULL),(417,143,'Brazil',33,2,1527923448,1528252327,0,3,NULL),(418,143,'Switzerland',28,1,1527923448,1528252327,0,11,NULL),(419,143,'TIE',39,2,1527923448,1528252327,0,0,NULL),(420,144,'Sweden',33,2,1527923448,1528252327,0,20,NULL),(421,144,'SouthKorea',41,2,1527923448,1528252327,0,31,NULL),(422,144,'TIE',26,1,1527923448,1528252327,0,0,NULL),(423,145,'Belgium',38,1,1527923448,1528252327,0,6,NULL),(424,145,'Panama',33,2,1527923448,1528252327,0,30,NULL),(425,145,'TIE',29,2,1527923448,1528252327,0,0,NULL),(426,146,'Tunisia',29,2,1527923448,1528252327,0,21,NULL),(427,146,'England',33,2,1527923448,1528252327,0,12,NULL),(428,146,'TIE',38,1,1527923448,1528252327,0,0,NULL),(429,147,'Colombia',37,1,1527923448,1528252327,0,13,NULL),(430,147,'Japan',33,2,1527923448,1528252327,0,28,NULL),(431,147,'TIE',31,2,1527923448,1528252327,0,0,NULL),(432,148,'Poland',32,1,1527923448,1528252327,0,7,NULL),(433,148,'Senegal',43,2,1527923448,1528252327,0,23,NULL),(434,148,'TIE',25,2,1527923448,1528252327,0,0,NULL),(435,149,'Russia',35,2,1527923448,1528252327,0,1,NULL),(436,149,'Egypt',29,2,1527923448,1528252327,0,22,NULL),(437,149,'TIE',36,1,1527923448,1528252327,0,0,NULL),(438,150,'Portugal',43,2,1527923448,1528252327,0,4,NULL),(439,150,'Morocco',22,1,1527923448,1528252327,0,29,NULL),(440,150,'TIE',35,2,1527923448,1528252327,0,0,NULL),(441,151,'Uruguay',30,1,1527923448,1528252327,0,15,NULL),(442,151,'SaudiArabia',43,2,1527923448,1528252327,0,32,NULL),(443,151,'TIE',27,2,1527923448,1528252327,0,0,NULL),(444,152,'Iran',34,2,1527923448,1528252327,0,24,NULL),(445,152,'Spain',35,2,1527923448,1528252327,0,9,NULL),(446,152,'TIE',31,1,1527923448,1528252327,0,0,NULL),(447,153,'Denmark',38,1,1527923448,1528252327,0,17,NULL),(448,153,'Australia',31,2,1527923448,1528252327,0,27,NULL),(449,153,'TIE',31,2,1527923448,1528252327,0,0,NULL),(450,154,'France',36,1,1527923448,1528252327,0,8,NULL),(451,154,'Peru',31,2,1527923448,1528252327,0,10,NULL),(452,154,'TIE',33,2,1527923448,1528252327,0,0,NULL),(453,155,'Argentina',29,2,1527923448,1528252327,0,5,NULL),(454,155,'Croatia',30,1,1527923448,1528252327,0,16,NULL),(455,155,'TIE',41,2,1527923448,1528252327,0,0,NULL),(456,156,'Brazil',43,2,1527923448,1528252327,0,3,NULL),(457,156,'CostaRica',27,2,1527923448,1528252327,0,19,NULL),(458,156,'TIE',30,1,1527923448,1528252327,0,0,NULL),(459,157,'Nigeria',36,2,1527923448,1528252327,0,26,NULL),(460,157,'Iceland',31,1,1527923448,1528252327,0,18,NULL),(461,157,'TIE',33,2,1527923448,1528252327,0,0,NULL),(462,158,'Serbia',32,1,1527923448,1528252327,0,25,NULL),(463,158,'Switzerland',34,2,1527923448,1528252327,0,11,NULL),(464,158,'TIE',34,2,1527923448,1528252327,0,0,NULL),(465,159,'Belgium',32,1,1527923448,1528252327,0,6,NULL),(466,159,'Tunisia',34,2,1527923448,1528252327,0,21,NULL),(467,159,'TIE',34,2,1527923448,1528252327,0,0,NULL),(468,160,'SouthKorea',25,2,1527923448,1528252327,0,31,NULL),(469,160,'Mexico',37,1,1527923448,1528252327,0,14,NULL),(470,160,'TIE',38,2,1527923448,1528252327,0,0,NULL),(471,161,'Germany',44,2,1527923448,1528252327,0,2,NULL),(472,161,'Sweden',24,1,1527923448,1528252327,0,20,NULL),(473,161,'TIE',32,2,1527923448,1528252327,0,0,NULL),(474,162,'England',36,2,1527923448,1528252327,0,12,NULL),(475,162,'Panama',30,1,1527923448,1528252327,0,30,NULL),(476,162,'TIE',34,2,1527923448,1528252327,0,0,NULL),(477,163,'Japan',40,2,1527923448,1528252327,0,28,NULL),(478,163,'Senegal',35,1,1527923448,1528252327,0,23,NULL),(479,163,'TIE',25,2,1527923448,1528252327,0,0,NULL),(480,164,'Poland',29,1,1527923448,1528252327,0,7,NULL),(481,164,'Colombia',30,2,1527923448,1528252327,0,13,NULL),(482,164,'TIE',41,2,1527923448,1528252327,0,0,NULL),(483,165,'Uruguay',38,2,1527923448,1528252327,0,15,NULL),(484,165,'Russia',38,2,1527923448,1528252327,0,1,NULL),(485,165,'TIE',24,1,1527923448,1528252327,0,0,NULL),(486,166,'SaudiArabia',33,2,1527923448,1528252327,0,32,NULL),(487,166,'Egypt',39,2,1527923448,1528252327,0,22,NULL),(488,166,'TIE',28,1,1527923448,1528252327,0,0,NULL),(489,167,'Iran',31,2,1527923448,1528252327,0,24,NULL),(490,167,'Portugal',28,2,1527923448,1528252327,0,4,NULL),(491,167,'TIE',41,1,1527923448,1528252327,0,0,NULL),(492,168,'Spain',23,1,1527923448,1528252327,0,9,NULL),(493,168,'Morocco',39,2,1527923448,1528252327,0,29,NULL),(494,168,'TIE',38,2,1527923448,1528252327,0,0,NULL),(495,169,'Denmark',34,1,1527923448,1528252327,0,17,NULL),(496,169,'France',37,2,1527923448,1528252327,0,8,NULL),(497,169,'TIE',29,2,1527923448,1528252327,0,0,NULL),(498,170,'Australia',32,1,1527923448,1528252327,0,27,NULL),(499,170,'Peru',37,2,1527923448,1528252327,0,10,NULL),(500,170,'TIE',31,2,1527923448,1528252327,0,0,NULL),(501,171,'Nigeria',38,2,1527923448,1528252327,0,26,NULL),(502,171,'Argentina',32,1,1527923448,1528252327,0,5,NULL),(503,171,'TIE',30,2,1527923448,1528252327,0,0,NULL),(504,172,'Iceland',30,2,1527923448,1528252327,0,18,NULL),(505,172,'Croatia',39,1,1527923448,1528252327,0,16,NULL),(506,172,'TIE',31,2,1527923448,1528252327,0,0,NULL),(507,173,'Mexico',30,2,1527923448,1528252327,0,14,NULL),(508,173,'Sweden',34,2,1527923448,1528252327,0,20,NULL),(509,173,'TIE',36,1,1527923448,1528252327,0,0,NULL),(510,174,'SouthKorea',45,1,1527923448,1528252327,0,31,NULL),(511,174,'Germany',27,2,1527923448,1528252327,0,2,NULL),(512,174,'TIE',28,2,1527923448,1528252327,0,0,NULL),(513,175,'Serbia',30,2,1527923448,1528252327,0,25,NULL),(514,175,'Brazil',42,1,1527923448,1528252327,0,3,NULL),(515,175,'TIE',28,2,1527923448,1528252327,0,0,NULL),(516,176,'Switzerland',32,2,1527923448,1528252327,0,11,NULL),(517,176,'Croatia',36,1,1527923448,1528252327,0,16,NULL),(518,176,'TIE',32,2,1527923448,1528252327,0,0,NULL),(519,177,'Japan',40,2,1527923448,1528252327,0,28,NULL),(520,177,'Poland',31,2,1527923448,1528252327,0,7,NULL),(521,177,'TIE',29,1,1527923448,1528252327,0,0,NULL),(522,178,'Senegal',33,1,1527923448,1528252327,0,23,NULL),(523,178,'Colombia',40,2,1527923448,1528252327,0,13,NULL),(524,178,'TIE',27,2,1527923448,1528252327,0,0,NULL),(525,179,'Panama',27,2,1527923448,1528252327,0,30,NULL),(526,179,'Tunisia',32,1,1527923448,1528252327,0,21,NULL),(527,179,'TIE',41,2,1527923448,1528252327,0,0,NULL),(528,180,'England',28,1,1527923448,1528252327,0,12,NULL),(529,180,'Belgium',36,2,1527923448,1528252327,0,6,NULL),(530,180,'TIE',36,2,1527923448,1528252327,0,0,NULL),(531,181,'葡萄牙',48,1,1527924010,1528252327,0,4,NULL),(532,181,'西班牙',52,2,1527924010,1528252327,0,9,NULL),(533,182,'France',52,1,1527986375,1528252327,0,8,NULL),(534,182,'England',48,2,1527986375,1528252327,0,12,NULL),(535,183,'选择1',0,0,1528076240,1528076240,0,0,NULL),(536,183,'选项2',0,0,1528076240,1528076240,0,0,NULL),(537,184,'选项1',0,0,1528076558,1528076558,0,0,NULL),(538,184,'选项2',0,0,1528076558,1528076558,0,0,NULL),(539,184,'选项3',0,0,1528076558,1528076558,0,0,NULL),(540,185,'选项1',0,0,1528076735,1528076735,0,0,NULL),(541,185,'选项2',0,0,1528076735,1528076735,0,0,NULL),(542,185,'选项3',0,0,1528076735,1528076735,0,0,NULL),(543,185,'选项4',0,0,1528076735,1528076735,0,0,NULL),(544,186,'选项1',0,0,1528077436,1528077436,0,0,NULL),(545,186,'选项2',0,0,1528077436,1528077436,0,0,NULL),(546,186,'选项3',0,0,1528077436,1528077436,0,0,NULL),(547,186,'选项4',0,0,1528077436,1528077436,0,0,NULL),(548,186,'选项5',0,0,1528077436,1528077436,0,0,NULL),(549,187,'选项1',0,0,1528077638,1528077638,0,0,NULL),(550,187,'选项2',0,0,1528077638,1528077638,0,0,NULL),(551,187,'选项3',0,0,1528077638,1528077638,0,0,NULL),(552,187,'选项 4',0,0,1528077638,1528077638,0,0,NULL),(553,188,'选项1',0,0,1528078354,1528078354,0,0,NULL),(554,188,'选项2',0,0,1528078354,1528078354,0,0,NULL),(555,188,'选项3',0,0,1528078354,1528078354,0,0,NULL),(556,188,'选项4',0,0,1528078354,1528078354,0,0,NULL),(557,189,'选项1',1,2,1528095150,1528095318,0,0,NULL),(558,189,'选项2',1,1,1528095150,1528095318,0,0,NULL),(559,189,'选项3',0,1,1528095150,1528095318,0,0,NULL),(560,189,'选项4',0,2,1528095150,1528095318,0,0,NULL),(561,190,'选项1',0,2,1528095444,1528095646,0,0,NULL),(562,190,'选项2',0,2,1528095444,1528095646,0,0,NULL),(563,190,'选项3',1,1,1528095444,1528095646,0,0,NULL),(564,190,'选项4',1,1,1528095444,1528095646,0,0,NULL),(565,191,'选项1',0,0,1528097658,1528097658,0,0,NULL),(566,191,'选项2',0,0,1528097658,1528097658,0,0,NULL),(567,191,'选项3',0,0,1528097658,1528097658,0,0,NULL),(568,192,'11',0,0,1528107681,1528107681,0,0,NULL),(569,192,'22',0,0,1528107681,1528107681,0,0,NULL),(570,193,'选项1',0,0,1528111043,1528111043,0,0,NULL),(571,193,'选项2',0,0,1528111043,1528111043,0,0,NULL),(572,194,'选项1',0,0,1528111332,1528111332,0,0,NULL),(573,194,'选项2',0,0,1528111332,1528111332,0,0,NULL),(574,194,'选项3',0,0,1528111332,1528111332,0,0,NULL),(575,195,'选项1',0,0,1528111889,1528111889,0,0,NULL),(576,195,'选项2',0,0,1528111889,1528111889,0,0,NULL),(577,195,'选项3',0,0,1528111889,1528111889,0,0,NULL);
/*!40000 ALTER TABLE `elastos_topic_option` ENABLE KEYS */;
UNLOCK TABLES;

--
-- Table structure for table `elastos_user`
--

DROP TABLE IF EXISTS `elastos_user`;
/*!40101 SET @saved_cs_client     = @@character_set_client */;
/*!40101 SET character_set_client = utf8 */;
CREATE TABLE `elastos_user` (
  `id` int(11) NOT NULL AUTO_INCREMENT,
  `user_name` varchar(255) COLLATE utf8_bin NOT NULL DEFAULT '' COMMENT '用户名',
  `password` varchar(255) COLLATE utf8_bin NOT NULL DEFAULT '' COMMENT '密码',
  `login_times` int(11) NOT NULL DEFAULT '0' COMMENT '登陆次数',
  `last_login_ip` varchar(255) COLLATE utf8_bin NOT NULL DEFAULT '' COMMENT '最后登录IP',
  `last_login_time` int(11) NOT NULL DEFAULT '0' COMMENT '最后登录时间',
  `real_name` varchar(255) COLLATE utf8_bin NOT NULL DEFAULT '' COMMENT '真实姓名',
  `status` int(1) NOT NULL DEFAULT '0' COMMENT '状态',
  `role_id` int(11) NOT NULL DEFAULT '1' COMMENT '用户角色id',
  PRIMARY KEY (`id`)
) ENGINE=InnoDB AUTO_INCREMENT=2 DEFAULT CHARSET=utf8 COLLATE=utf8_bin;
/*!40101 SET character_set_client = @saved_cs_client */;

--
-- Dumping data for table `elastos_user`
--

LOCK TABLES `elastos_user` WRITE;
/*!40000 ALTER TABLE `elastos_user` DISABLE KEYS */;
INSERT INTO `elastos_user` VALUES (1,'admin','21232f297a57a5a743894a0e4a801fc3',41,'127.0.0.1',1505559479,'admin',1,1);
/*!40000 ALTER TABLE `elastos_user` ENABLE KEYS */;
UNLOCK TABLES;

--
-- Table structure for table `elastos_user_wins`
--

DROP TABLE IF EXISTS `elastos_user_wins`;
/*!40101 SET @saved_cs_client     = @@character_set_client */;
/*!40101 SET character_set_client = utf8 */;
CREATE TABLE `elastos_user_wins` (
  `id` int(11) NOT NULL AUTO_INCREMENT COMMENT '自增id',
  `user_id` int(10) NOT NULL COMMENT '用户id',
  `wins` varchar(255) NOT NULL COMMENT '连赢的局数，以‘，’做字符串拼接',
  PRIMARY KEY (`id`)
) ENGINE=InnoDB AUTO_INCREMENT=103 DEFAULT CHARSET=utf8;
/*!40101 SET character_set_client = @saved_cs_client */;

--
-- Dumping data for table `elastos_user_wins`
--

LOCK TABLES `elastos_user_wins` WRITE;
/*!40000 ALTER TABLE `elastos_user_wins` DISABLE KEYS */;
INSERT INTO `elastos_user_wins` VALUES (1,1,'2'),(2,6,'2'),(3,12,'3,6,2,2,3'),(4,13,'3,7,2,10,2'),(5,14,'5,2,2'),(6,15,'2,3,4,2,3'),(7,16,'2,2,2,5,2,3'),(8,17,'2,2,2,2,3'),(9,18,'3,2,2,2,2,2'),(10,19,'5,2,2'),(11,20,'2,2,2,3,2'),(12,21,'2,2,3,6,2,2,2,2'),(13,22,'2,3'),(14,23,'5'),(15,24,'3,3,2,4'),(16,25,'2,2,2,3,2'),(17,26,'2,2,2,4'),(18,27,'2,2,2,2,2'),(19,28,'2'),(20,29,'2,5,3,2'),(21,30,'3,2,2,2'),(22,31,'2,4,2,2'),(23,32,'2,2,2,2'),(24,33,'2,2'),(25,34,'3,2,4,2,4'),(26,35,'2,2,2,2,2,2'),(27,36,'2,2,2,2'),(28,37,'3,2,2,3,2,2,2'),(29,38,'4,2'),(30,39,'2,3,2,2'),(31,40,'2,2,3,2,2'),(32,41,'2,4,3,2,2'),(33,42,'2,5,2,2,2'),(34,43,'2,2,3'),(35,44,'2,5,4'),(36,45,'4,7,2'),(37,46,'5,2'),(38,47,'2'),(39,48,'2,2,2'),(40,49,'3,2,2,2,2,3'),(41,50,'2,2,3'),(42,51,'2,2,2,6,2,2,2'),(43,52,'2,2,2,2,2'),(44,53,'2,3,2,2,2,2'),(45,54,'9,2,2,2,2,2'),(46,55,'2,2,2,2'),(47,56,'2,2,3'),(48,57,'5,2'),(49,58,'3,2,2,3,2,2,4,3,4'),(50,59,'2,3,3,2,5,2,3'),(51,60,'3'),(52,61,'2,2,3'),(53,62,'2,2,2,3'),(54,63,'2,2,2,2,2,2'),(55,64,'2,2,2,2,5,2'),(56,65,'2,2,2,6,2'),(57,66,'2,2,2,2'),(58,67,'5,3,2,2,5'),(59,68,'2,2,2,3'),(60,69,'3,2,2'),(61,70,'2,2,2,3,2'),(62,71,'2,2,2,4,2'),(63,72,'2,2,2,2,2'),(64,73,'2,4,3,3,2'),(65,74,'5,6,3,2'),(66,75,'3,3,2,3,2'),(67,76,'2,2,2,2,2,2'),(68,77,'2,2,2'),(69,78,'3,3'),(70,79,'2,2,2,2,2,2,7,3'),(71,80,'2,2'),(72,81,'2,2,2,2,2,2'),(73,82,'2,4,2,3,3'),(74,83,'2,2,3,3'),(75,84,'3,2,2,2,4,3,2'),(76,85,'2,2,2,2,2'),(77,86,'4,3'),(78,87,'3,3,3,2,2'),(79,88,'2,3,2,5,3,2,2'),(80,89,'2,3,4,2,2'),(81,90,'4,3,4,4'),(82,91,'2,2,2,3,6'),(83,92,'2,4,3'),(84,93,'2,2,4,2'),(85,94,'3,3'),(86,95,'2,2,2,2'),(87,96,'3,2,2,2'),(88,97,'3,2,2,2'),(89,98,'2,2,2,2,2'),(90,99,'2,3,2,2,2,2'),(91,100,'2,2'),(92,101,'3,2,3,2'),(93,102,'2,3,2,2,2'),(94,103,'3,3,2,2,2'),(95,104,'2,2,4,2'),(96,105,'3,4,2,3,6,3,2'),(97,106,'2,2,4,2,2'),(98,107,'3,3,2,2,2,4'),(99,108,'3,3'),(100,109,'2,2,2,2,2,2,3'),(101,110,'2,2,3,3'),(102,111,'3,6,2,2');
/*!40000 ALTER TABLE `elastos_user_wins` ENABLE KEYS */;
UNLOCK TABLES;

--
-- Table structure for table `elastos_vote`
--

DROP TABLE IF EXISTS `elastos_vote`;
/*!40101 SET @saved_cs_client     = @@character_set_client */;
/*!40101 SET character_set_client = utf8 */;
CREATE TABLE `elastos_vote` (
  `vote_id` int(10) unsigned NOT NULL AUTO_INCREMENT COMMENT '投票ID',
  `user_id` int(11) NOT NULL DEFAULT '0' COMMENT '用户ID',
  `topic_id` int(11) NOT NULL DEFAULT '0' COMMENT '主题ID',
  `option_id` int(11) NOT NULL DEFAULT '0' COMMENT '选项ID',
  `vote_time` int(11) NOT NULL DEFAULT '0' COMMENT '答案：0无，1是，2否',
  `txId` varchar(50) DEFAULT NULL,
  PRIMARY KEY (`vote_id`)
) ENGINE=InnoDB AUTO_INCREMENT=6031 DEFAULT CHARSET=utf8;
/*!40101 SET character_set_client = @saved_cs_client */;

--
-- Dumping data for table `elastos_vote`
--

LOCK TABLES `elastos_vote` WRITE;
/*!40000 ALTER TABLE `elastos_vote` DISABLE KEYS */;
INSERT INTO `elastos_vote` VALUES (1,1,9,25,1527752070,NULL),(2,1,11,30,1527752963,NULL),(3,1,10,27,1527753133,NULL),(4,3,3,6,1527753780,NULL),(5,3,3,7,1527753780,NULL),(6,6,11,29,1527756163,NULL),(7,6,11,29,1527756223,NULL),(8,6,10,27,1527756258,NULL),(9,6,14,38,1527762741,NULL),(10,1,22,61,1527766843,NULL),(11,1,20,56,1527766908,NULL),(12,5,14,38,1527833641,NULL),(13,1,15,42,1527841698,NULL),(14,7,15,41,1527841726,NULL),(15,2,20,54,1527850270,NULL),(16,2,21,57,1527850293,NULL),(17,1,37,103,1527920016,NULL),(18,1,87,252,1527921810,NULL),(19,1,14,39,1527922571,NULL),(20,9,4,10,1528092316,NULL),(21,9,4,11,1528092316,NULL),(22,9,15,43,1528092348,NULL),(23,9,147,429,1528092601,NULL),(24,9,134,392,1528092805,NULL),(25,9,10,27,1528092983,NULL),(26,1,189,557,1528095177,NULL),(27,1,189,558,1528095177,NULL),(28,1,5,15,1528095386,NULL),(29,1,190,563,1528095497,NULL),(30,1,190,564,1528095497,NULL),(31,12,10,27,1528252687,NULL),(32,12,11,30,1528252697,NULL),(33,12,13,37,1528252707,NULL),(34,12,14,38,1528252717,NULL),(35,12,15,43,1528252727,NULL),(36,12,16,44,1528252737,NULL),(37,12,19,52,1528252747,NULL),(38,12,20,55,1528252757,NULL),(39,12,21,57,1528252767,NULL),(40,12,22,60,1528252777,NULL),(41,12,133,387,1528252787,NULL),(42,12,134,390,1528252797,NULL),(43,12,135,393,1528252807,NULL),(44,12,136,398,1528252817,NULL),(45,12,137,401,1528252827,NULL),(46,12,138,402,1528252837,NULL),(47,12,139,405,1528252847,NULL),(48,12,140,409,1528252857,NULL),(49,12,141,412,1528252867,NULL),(50,12,142,416,1528252877,NULL),(51,12,143,417,1528252887,NULL),(52,12,144,422,1528252897,NULL),(53,12,145,425,1528252907,NULL),(54,12,146,428,1528252917,NULL),(55,12,147,429,1528252927,NULL),(56,12,148,433,1528252937,NULL),(57,12,149,436,1528252947,NULL),(58,12,150,438,1528252957,NULL),(59,12,151,442,1528252967,NULL),(60,12,152,446,1528252977,NULL),(61,12,153,449,1528252987,NULL),(62,12,154,451,1528252997,NULL),(63,12,155,455,1528253007,NULL),(64,12,156,456,1528253017,NULL),(65,12,157,460,1528253027,NULL),(66,12,158,464,1528253037,NULL),(67,12,159,466,1528253047,NULL),(68,12,160,469,1528253057,NULL),(69,12,161,471,1528253067,NULL),(70,12,162,475,1528253077,NULL),(71,12,163,477,1528253087,NULL),(72,12,164,482,1528253097,NULL),(73,12,165,485,1528253107,NULL),(74,12,166,487,1528253117,NULL),(75,12,167,489,1528253127,NULL),(76,12,168,492,1528253137,NULL),(77,12,169,496,1528253147,NULL),(78,12,170,500,1528253157,NULL),(79,12,171,501,1528253167,NULL),(80,12,172,505,1528253177,NULL),(81,12,173,509,1528253187,NULL),(82,12,174,511,1528253197,NULL),(83,12,175,515,1528253207,NULL),(84,12,176,517,1528253217,NULL),(85,12,177,521,1528253227,NULL),(86,12,178,524,1528253237,NULL),(87,12,179,526,1528253247,NULL),(88,12,180,530,1528253257,NULL),(89,12,181,532,1528253267,NULL),(90,12,182,533,1528253277,NULL),(91,13,10,28,1528252687,NULL),(92,13,11,31,1528252697,NULL),(93,13,13,35,1528252707,NULL),(94,13,14,40,1528252717,NULL),(95,13,15,42,1528252727,NULL),(96,13,16,45,1528252737,NULL),(97,13,19,52,1528252747,NULL),(98,13,20,56,1528252757,NULL),(99,13,21,59,1528252767,NULL),(100,13,22,61,1528252777,NULL),(101,13,133,387,1528252787,NULL),(102,13,134,391,1528252797,NULL),(103,13,135,393,1528252807,NULL),(104,13,136,396,1528252817,NULL),(105,13,137,399,1528252827,NULL),(106,13,138,403,1528252837,NULL),(107,13,139,405,1528252847,NULL),(108,13,140,409,1528252857,NULL),(109,13,141,411,1528252867,NULL),(110,13,142,416,1528252877,NULL),(111,13,143,419,1528252887,NULL),(112,13,144,420,1528252897,NULL),(113,13,145,423,1528252907,NULL),(114,13,146,427,1528252917,NULL),(115,13,147,430,1528252927,NULL),(116,13,148,433,1528252937,NULL),(117,13,149,435,1528252947,NULL),(118,13,150,440,1528252957,NULL),(119,13,151,442,1528252967,NULL),(120,13,152,445,1528252977,NULL),(121,13,153,447,1528252987,NULL),(122,13,154,451,1528252997,NULL),(123,13,155,453,1528253007,NULL),(124,13,156,456,1528253017,NULL),(125,13,157,460,1528253027,NULL),(126,13,158,464,1528253037,NULL),(127,13,159,466,1528253047,NULL),(128,13,160,469,1528253057,NULL),(129,13,161,472,1528253067,NULL),(130,13,162,474,1528253077,NULL),(131,13,163,477,1528253087,NULL),(132,13,164,482,1528253097,NULL),(133,13,165,485,1528253107,NULL),(134,13,166,488,1528253117,NULL),(135,13,167,491,1528253127,NULL),(136,13,168,493,1528253137,NULL),(137,13,169,495,1528253147,NULL),(138,13,170,498,1528253157,NULL),(139,13,171,502,1528253167,NULL),(140,13,172,505,1528253177,NULL),(141,13,173,509,1528253187,NULL),(142,13,174,510,1528253197,NULL),(143,13,175,514,1528253207,NULL),(144,13,176,516,1528253217,NULL),(145,13,177,519,1528253227,NULL),(146,13,178,522,1528253237,NULL),(147,13,179,526,1528253247,NULL),(148,13,180,529,1528253257,NULL),(149,13,181,532,1528253267,NULL),(150,13,182,533,1528253277,NULL),(151,14,10,28,1528252687,NULL),(152,14,11,30,1528252697,NULL),(153,14,13,37,1528252707,NULL),(154,14,14,39,1528252717,NULL),(155,14,15,43,1528252727,NULL),(156,14,16,46,1528252737,NULL),(157,14,19,52,1528252747,NULL),(158,14,20,54,1528252757,NULL),(159,14,21,57,1528252767,NULL),(160,14,22,60,1528252777,NULL),(161,14,133,388,1528252787,NULL),(162,14,134,391,1528252797,NULL),(163,14,135,395,1528252807,NULL),(164,14,136,396,1528252817,NULL),(165,14,137,399,1528252827,NULL),(166,14,138,402,1528252837,NULL),(167,14,139,405,1528252847,NULL),(168,14,140,408,1528252857,NULL),(169,14,141,412,1528252867,NULL),(170,14,142,414,1528252877,NULL),(171,14,143,417,1528252887,NULL),(172,14,144,420,1528252897,NULL),(173,14,145,424,1528252907,NULL),(174,14,146,428,1528252917,NULL),(175,14,147,430,1528252927,NULL),(176,14,148,433,1528252937,NULL),(177,14,149,437,1528252947,NULL),(178,14,150,440,1528252957,NULL),(179,14,151,442,1528252967,NULL),(180,14,152,446,1528252977,NULL),(181,14,153,449,1528252987,NULL),(182,14,154,451,1528252997,NULL),(183,14,155,455,1528253007,NULL),(184,14,156,457,1528253017,NULL),(185,14,157,459,1528253027,NULL),(186,14,158,463,1528253037,NULL),(187,14,159,467,1528253047,NULL),(188,14,160,469,1528253057,NULL),(189,14,161,473,1528253067,NULL),(190,14,162,474,1528253077,NULL),(191,14,163,477,1528253087,NULL),(192,14,164,481,1528253097,NULL),(193,14,165,484,1528253107,NULL),(194,14,166,487,1528253117,NULL),(195,14,167,489,1528253127,NULL),(196,14,168,492,1528253137,NULL),(197,14,169,496,1528253147,NULL),(198,14,170,500,1528253157,NULL),(199,14,171,503,1528253167,NULL),(200,14,172,506,1528253177,NULL),(201,14,173,507,1528253187,NULL),(202,14,174,512,1528253197,NULL),(203,14,175,513,1528253207,NULL),(204,14,176,516,1528253217,NULL),(205,14,177,521,1528253227,NULL),(206,14,178,522,1528253237,NULL),(207,14,179,525,1528253247,NULL),(208,14,180,529,1528253257,NULL),(209,14,181,531,1528253267,NULL),(210,14,182,533,1528253277,NULL),(211,15,10,27,1528252687,NULL),(212,15,11,29,1528252697,NULL),(213,15,13,37,1528252707,NULL),(214,15,14,38,1528252717,NULL),(215,15,15,43,1528252727,NULL),(216,15,16,44,1528252737,NULL),(217,15,19,53,1528252747,NULL),(218,15,20,55,1528252757,NULL),(219,15,21,58,1528252767,NULL),(220,15,22,60,1528252777,NULL),(221,15,133,389,1528252787,NULL),(222,15,134,392,1528252797,NULL),(223,15,135,395,1528252807,NULL),(224,15,136,397,1528252817,NULL),(225,15,137,399,1528252827,NULL),(226,15,138,402,1528252837,NULL),(227,15,139,407,1528252847,NULL),(228,15,140,409,1528252857,NULL),(229,15,141,411,1528252867,NULL),(230,15,142,414,1528252877,NULL),(231,15,143,418,1528252887,NULL),(232,15,144,421,1528252897,NULL),(233,15,145,424,1528252907,NULL),(234,15,146,428,1528252917,NULL),(235,15,147,429,1528252927,NULL),(236,15,148,432,1528252937,NULL),(237,15,149,437,1528252947,NULL),(238,15,150,440,1528252957,NULL),(239,15,151,442,1528252967,NULL),(240,15,152,444,1528252977,NULL),(241,15,153,449,1528252987,NULL),(242,15,154,451,1528252997,NULL),(243,15,155,453,1528253007,NULL),(244,15,156,457,1528253017,NULL),(245,15,157,461,1528253027,NULL),(246,15,158,462,1528253037,NULL),(247,15,159,465,1528253047,NULL),(248,15,160,470,1528253057,NULL),(249,15,161,471,1528253067,NULL),(250,15,162,476,1528253077,NULL),(251,15,163,479,1528253087,NULL),(252,15,164,482,1528253097,NULL),(253,15,165,483,1528253107,NULL),(254,15,166,487,1528253117,NULL),(255,15,167,490,1528253127,NULL),(256,15,168,493,1528253137,NULL),(257,15,169,496,1528253147,NULL),(258,15,170,500,1528253157,NULL),(259,15,171,503,1528253167,NULL),(260,15,172,506,1528253177,NULL),(261,15,173,508,1528253187,NULL),(262,15,174,510,1528253197,NULL),(263,15,175,515,1528253207,NULL),(264,15,176,517,1528253217,NULL),(265,15,177,521,1528253227,NULL),(266,15,178,524,1528253237,NULL),(267,15,179,527,1528253247,NULL),(268,15,180,529,1528253257,NULL),(269,15,181,532,1528253267,NULL),(270,15,182,534,1528253277,NULL),(271,16,10,28,1528252687,NULL),(272,16,11,30,1528252697,NULL),(273,16,13,35,1528252707,NULL),(274,16,14,39,1528252717,NULL),(275,16,15,41,1528252727,NULL),(276,16,16,45,1528252737,NULL),(277,16,19,52,1528252747,NULL),(278,16,20,55,1528252757,NULL),(279,16,21,57,1528252767,NULL),(280,16,22,61,1528252777,NULL),(281,16,133,387,1528252787,NULL),(282,16,134,390,1528252797,NULL),(283,16,135,393,1528252807,NULL),(284,16,136,398,1528252817,NULL),(285,16,137,401,1528252827,NULL),(286,16,138,403,1528252837,NULL),(287,16,139,406,1528252847,NULL),(288,16,140,409,1528252857,NULL),(289,16,141,412,1528252867,NULL),(290,16,142,416,1528252877,NULL),(291,16,143,419,1528252887,NULL),(292,16,144,420,1528252897,NULL),(293,16,145,425,1528252907,NULL),(294,16,146,427,1528252917,NULL),(295,16,147,431,1528252927,NULL),(296,16,148,433,1528252937,NULL),(297,16,149,435,1528252947,NULL),(298,16,150,438,1528252957,NULL),(299,16,151,443,1528252967,NULL),(300,16,152,445,1528252977,NULL),(301,16,153,447,1528252987,NULL),(302,16,154,450,1528252997,NULL),(303,16,155,455,1528253007,NULL),(304,16,156,456,1528253017,NULL),(305,16,157,460,1528253027,NULL),(306,16,158,462,1528253037,NULL),(307,16,159,465,1528253047,NULL),(308,16,160,470,1528253057,NULL),(309,16,161,472,1528253067,NULL),(310,16,162,476,1528253077,NULL),(311,16,163,478,1528253087,NULL),(312,16,164,481,1528253097,NULL),(313,16,165,484,1528253107,NULL),(314,16,166,487,1528253117,NULL),(315,16,167,490,1528253127,NULL),(316,16,168,492,1528253137,NULL),(317,16,169,497,1528253147,NULL),(318,16,170,498,1528253157,NULL),(319,16,171,501,1528253167,NULL),(320,16,172,506,1528253177,NULL),(321,16,173,509,1528253187,NULL),(322,16,174,511,1528253197,NULL),(323,16,175,513,1528253207,NULL),(324,16,176,517,1528253217,NULL),(325,16,177,520,1528253227,NULL),(326,16,178,524,1528253237,NULL),(327,16,179,526,1528253247,NULL),(328,16,180,529,1528253257,NULL),(329,16,181,531,1528253267,NULL),(330,16,182,533,1528253277,NULL),(331,17,10,27,1528252687,NULL),(332,17,11,30,1528252697,NULL),(333,17,13,37,1528252707,NULL),(334,17,14,39,1528252717,NULL),(335,17,15,41,1528252727,NULL),(336,17,16,46,1528252737,NULL),(337,17,19,52,1528252747,NULL),(338,17,20,56,1528252757,NULL),(339,17,21,58,1528252767,NULL),(340,17,22,61,1528252777,NULL),(341,17,133,389,1528252787,NULL),(342,17,134,392,1528252797,NULL),(343,17,135,394,1528252807,NULL),(344,17,136,397,1528252817,NULL),(345,17,137,400,1528252827,NULL),(346,17,138,402,1528252837,NULL),(347,17,139,407,1528252847,NULL),(348,17,140,409,1528252857,NULL),(349,17,141,411,1528252867,NULL),(350,17,142,414,1528252877,NULL),(351,17,143,419,1528252887,NULL),(352,17,144,421,1528252897,NULL),(353,17,145,424,1528252907,NULL),(354,17,146,428,1528252917,NULL),(355,17,147,429,1528252927,NULL),(356,17,148,433,1528252937,NULL),(357,17,149,437,1528252947,NULL),(358,17,150,440,1528252957,NULL),(359,17,151,443,1528252967,NULL),(360,17,152,445,1528252977,NULL),(361,17,153,448,1528252987,NULL),(362,17,154,450,1528252997,NULL),(363,17,155,454,1528253007,NULL),(364,17,156,456,1528253017,NULL),(365,17,157,461,1528253027,NULL),(366,17,158,463,1528253037,NULL),(367,17,159,466,1528253047,NULL),(368,17,160,470,1528253057,NULL),(369,17,161,471,1528253067,NULL),(370,17,162,475,1528253077,NULL),(371,17,163,479,1528253087,NULL),(372,17,164,482,1528253097,NULL),(373,17,165,484,1528253107,NULL),(374,17,166,488,1528253117,NULL),(375,17,167,489,1528253127,NULL),(376,17,168,493,1528253137,NULL),(377,17,169,495,1528253147,NULL),(378,17,170,499,1528253157,NULL),(379,17,171,502,1528253167,NULL),(380,17,172,504,1528253177,NULL),(381,17,173,509,1528253187,NULL),(382,17,174,512,1528253197,NULL),(383,17,175,513,1528253207,NULL),(384,17,176,517,1528253217,NULL),(385,17,177,519,1528253227,NULL),(386,17,178,524,1528253237,NULL),(387,17,179,525,1528253247,NULL),(388,17,180,528,1528253257,NULL),(389,17,181,531,1528253267,NULL),(390,17,182,533,1528253277,NULL),(391,18,10,27,1528252687,NULL),(392,18,11,30,1528252697,NULL),(393,18,13,37,1528252707,NULL),(394,18,14,40,1528252717,NULL),(395,18,15,41,1528252727,NULL),(396,18,16,44,1528252737,NULL),(397,18,19,52,1528252747,NULL),(398,18,20,54,1528252757,NULL),(399,18,21,58,1528252767,NULL),(400,18,22,62,1528252777,NULL),(401,18,133,389,1528252787,NULL),(402,18,134,391,1528252797,NULL),(403,18,135,393,1528252807,NULL),(404,18,136,398,1528252817,NULL),(405,18,137,401,1528252827,NULL),(406,18,138,404,1528252837,NULL),(407,18,139,405,1528252847,NULL),(408,18,140,410,1528252857,NULL),(409,18,141,413,1528252867,NULL),(410,18,142,416,1528252877,NULL),(411,18,143,418,1528252887,NULL),(412,18,144,420,1528252897,NULL),(413,18,145,424,1528252907,NULL),(414,18,146,426,1528252917,NULL),(415,18,147,430,1528252927,NULL),(416,18,148,432,1528252937,NULL),(417,18,149,436,1528252947,NULL),(418,18,150,438,1528252957,NULL),(419,18,151,441,1528252967,NULL),(420,18,152,444,1528252977,NULL),(421,18,153,447,1528252987,NULL),(422,18,154,452,1528252997,NULL),(423,18,155,455,1528253007,NULL),(424,18,156,456,1528253017,NULL),(425,18,157,461,1528253027,NULL),(426,18,158,463,1528253037,NULL),(427,18,159,465,1528253047,NULL),(428,18,160,469,1528253057,NULL),(429,18,161,471,1528253067,NULL),(430,18,162,474,1528253077,NULL),(431,18,163,478,1528253087,NULL),(432,18,164,482,1528253097,NULL),(433,18,165,483,1528253107,NULL),(434,18,166,486,1528253117,NULL),(435,18,167,491,1528253127,NULL),(436,18,168,494,1528253137,NULL),(437,18,169,495,1528253147,NULL),(438,18,170,500,1528253157,NULL),(439,18,171,502,1528253167,NULL),(440,18,172,506,1528253177,NULL),(441,18,173,508,1528253187,NULL),(442,18,174,510,1528253197,NULL),(443,18,175,514,1528253207,NULL),(444,18,176,518,1528253217,NULL),(445,18,177,520,1528253227,NULL),(446,18,178,524,1528253237,NULL),(447,18,179,525,1528253247,NULL),(448,18,180,528,1528253257,NULL),(449,18,181,531,1528253267,NULL),(450,18,182,534,1528253277,NULL),(451,19,10,28,1528252687,NULL),(452,19,11,31,1528252697,NULL),(453,19,13,35,1528252707,NULL),(454,19,14,38,1528252717,NULL),(455,19,15,43,1528252727,NULL),(456,19,16,46,1528252737,NULL),(457,19,19,53,1528252747,NULL),(458,19,20,54,1528252757,NULL),(459,19,21,58,1528252767,NULL),(460,19,22,61,1528252777,NULL),(461,19,133,389,1528252787,NULL),(462,19,134,390,1528252797,NULL),(463,19,135,393,1528252807,NULL),(464,19,136,397,1528252817,NULL),(465,19,137,400,1528252827,NULL),(466,19,138,402,1528252837,NULL),(467,19,139,405,1528252847,NULL),(468,19,140,408,1528252857,NULL),(469,19,141,411,1528252867,NULL),(470,19,142,416,1528252877,NULL),(471,19,143,418,1528252887,NULL),(472,19,144,422,1528252897,NULL),(473,19,145,423,1528252907,NULL),(474,19,146,427,1528252917,NULL),(475,19,147,430,1528252927,NULL),(476,19,148,432,1528252937,NULL),(477,19,149,435,1528252947,NULL),(478,19,150,438,1528252957,NULL),(479,19,151,442,1528252967,NULL),(480,19,152,446,1528252977,NULL),(481,19,153,449,1528252987,NULL),(482,19,154,451,1528252997,NULL),(483,19,155,455,1528253007,NULL),(484,19,156,458,1528253017,NULL),(485,19,157,461,1528253027,NULL),(486,19,158,463,1528253037,NULL),(487,19,159,466,1528253047,NULL),(488,19,160,468,1528253057,NULL),(489,19,161,471,1528253067,NULL),(490,19,162,474,1528253077,NULL),(491,19,163,478,1528253087,NULL),(492,19,164,481,1528253097,NULL),(493,19,165,483,1528253107,NULL),(494,19,166,487,1528253117,NULL),(495,19,167,490,1528253127,NULL),(496,19,168,494,1528253137,NULL),(497,19,169,495,1528253147,NULL),(498,19,170,498,1528253157,NULL),(499,19,171,501,1528253167,NULL),(500,19,172,505,1528253177,NULL),(501,19,173,509,1528253187,NULL),(502,19,174,512,1528253197,NULL),(503,19,175,514,1528253207,NULL),(504,19,176,518,1528253217,NULL),(505,19,177,521,1528253227,NULL),(506,19,178,524,1528253237,NULL),(507,19,179,526,1528253247,NULL),(508,19,180,529,1528253257,NULL),(509,19,181,531,1528253267,NULL),(510,19,182,534,1528253277,NULL),(511,20,10,28,1528252687,NULL),(512,20,11,30,1528252697,NULL),(513,20,13,35,1528252707,NULL),(514,20,14,39,1528252717,NULL),(515,20,15,42,1528252727,NULL),(516,20,16,44,1528252737,NULL),(517,20,19,53,1528252747,NULL),(518,20,20,56,1528252757,NULL),(519,20,21,57,1528252767,NULL),(520,20,22,60,1528252777,NULL),(521,20,133,389,1528252787,NULL),(522,20,134,392,1528252797,NULL),(523,20,135,393,1528252807,NULL),(524,20,136,398,1528252817,NULL),(525,20,137,400,1528252827,NULL),(526,20,138,403,1528252837,NULL),(527,20,139,405,1528252847,NULL),(528,20,140,409,1528252857,NULL),(529,20,141,412,1528252867,NULL),(530,20,142,416,1528252877,NULL),(531,20,143,419,1528252887,NULL),(532,20,144,421,1528252897,NULL),(533,20,145,424,1528252907,NULL),(534,20,146,428,1528252917,NULL),(535,20,147,429,1528252927,NULL),(536,20,148,433,1528252937,NULL),(537,20,149,437,1528252947,NULL),(538,20,150,438,1528252957,NULL),(539,20,151,442,1528252967,NULL),(540,20,152,444,1528252977,NULL),(541,20,153,448,1528252987,NULL),(542,20,154,452,1528252997,NULL),(543,20,155,454,1528253007,NULL),(544,20,156,458,1528253017,NULL),(545,20,157,461,1528253027,NULL),(546,20,158,464,1528253037,NULL),(547,20,159,466,1528253047,NULL),(548,20,160,469,1528253057,NULL),(549,20,161,473,1528253067,NULL),(550,20,162,476,1528253077,NULL),(551,20,163,478,1528253087,NULL),(552,20,164,481,1528253097,NULL),(553,20,165,483,1528253107,NULL),(554,20,166,487,1528253117,NULL),(555,20,167,490,1528253127,NULL),(556,20,168,494,1528253137,NULL),(557,20,169,497,1528253147,NULL),(558,20,170,500,1528253157,NULL),(559,20,171,503,1528253167,NULL),(560,20,172,504,1528253177,NULL),(561,20,173,507,1528253187,NULL),(562,20,174,510,1528253197,NULL),(563,20,175,515,1528253207,NULL),(564,20,176,518,1528253217,NULL),(565,20,177,521,1528253227,NULL),(566,20,178,522,1528253237,NULL),(567,20,179,526,1528253247,NULL),(568,20,180,530,1528253257,NULL),(569,20,181,531,1528253267,NULL),(570,20,182,533,1528253277,NULL),(571,21,10,28,1528252687,NULL),(572,21,11,29,1528252697,NULL),(573,21,13,36,1528252707,NULL),(574,21,14,38,1528252717,NULL),(575,21,15,43,1528252727,NULL),(576,21,16,45,1528252737,NULL),(577,21,19,53,1528252747,NULL),(578,21,20,54,1528252757,NULL),(579,21,21,57,1528252767,NULL),(580,21,22,62,1528252777,NULL),(581,21,133,387,1528252787,NULL),(582,21,134,391,1528252797,NULL),(583,21,135,395,1528252807,NULL),(584,21,136,396,1528252817,NULL),(585,21,137,400,1528252827,NULL),(586,21,138,404,1528252837,NULL),(587,21,139,405,1528252847,NULL),(588,21,140,408,1528252857,NULL),(589,21,141,411,1528252867,NULL),(590,21,142,416,1528252877,NULL),(591,21,143,418,1528252887,NULL),(592,21,144,420,1528252897,NULL),(593,21,145,423,1528252907,NULL),(594,21,146,427,1528252917,NULL),(595,21,147,430,1528252927,NULL),(596,21,148,432,1528252937,NULL),(597,21,149,437,1528252947,NULL),(598,21,150,439,1528252957,NULL),(599,21,151,441,1528252967,NULL),(600,21,152,446,1528252977,NULL),(601,21,153,447,1528252987,NULL),(602,21,154,452,1528252997,NULL),(603,21,155,454,1528253007,NULL),(604,21,156,458,1528253017,NULL),(605,21,157,459,1528253027,NULL),(606,21,158,462,1528253037,NULL),(607,21,159,465,1528253047,NULL),(608,21,160,470,1528253057,NULL),(609,21,161,471,1528253067,NULL),(610,21,162,476,1528253077,NULL),(611,21,163,478,1528253087,NULL),(612,21,164,481,1528253097,NULL),(613,21,165,483,1528253107,NULL),(614,21,166,488,1528253117,NULL),(615,21,167,489,1528253127,NULL),(616,21,168,494,1528253137,NULL),(617,21,169,496,1528253147,NULL),(618,21,170,499,1528253157,NULL),(619,21,171,503,1528253167,NULL),(620,21,172,505,1528253177,NULL),(621,21,173,507,1528253187,NULL),(622,21,174,511,1528253197,NULL),(623,21,175,513,1528253207,NULL),(624,21,176,517,1528253217,NULL),(625,21,177,521,1528253227,NULL),(626,21,178,523,1528253237,NULL),(627,21,179,525,1528253247,NULL),(628,21,180,530,1528253257,NULL),(629,21,181,531,1528253267,NULL),(630,21,182,533,1528253277,NULL),(631,22,10,27,1528252687,NULL),(632,22,11,30,1528252697,NULL),(633,22,13,36,1528252707,NULL),(634,22,14,39,1528252717,NULL),(635,22,15,43,1528252727,NULL),(636,22,16,46,1528252737,NULL),(637,22,19,53,1528252747,NULL),(638,22,20,54,1528252757,NULL),(639,22,21,57,1528252767,NULL),(640,22,22,61,1528252777,NULL),(641,22,133,387,1528252787,NULL),(642,22,134,392,1528252797,NULL),(643,22,135,395,1528252807,NULL),(644,22,136,397,1528252817,NULL),(645,22,137,399,1528252827,NULL),(646,22,138,402,1528252837,NULL),(647,22,139,406,1528252847,NULL),(648,22,140,410,1528252857,NULL),(649,22,141,413,1528252867,NULL),(650,22,142,415,1528252877,NULL),(651,22,143,418,1528252887,NULL),(652,22,144,420,1528252897,NULL),(653,22,145,425,1528252907,NULL),(654,22,146,428,1528252917,NULL),(655,22,147,430,1528252927,NULL),(656,22,148,433,1528252937,NULL),(657,22,149,435,1528252947,NULL),(658,22,150,438,1528252957,NULL),(659,22,151,441,1528252967,NULL),(660,22,152,445,1528252977,NULL),(661,22,153,449,1528252987,NULL),(662,22,154,451,1528252997,NULL),(663,22,155,455,1528253007,NULL),(664,22,156,457,1528253017,NULL),(665,22,157,459,1528253027,NULL),(666,22,158,464,1528253037,NULL),(667,22,159,466,1528253047,NULL),(668,22,160,469,1528253057,NULL),(669,22,161,472,1528253067,NULL),(670,22,162,474,1528253077,NULL),(671,22,163,478,1528253087,NULL),(672,22,164,480,1528253097,NULL),(673,22,165,485,1528253107,NULL),(674,22,166,486,1528253117,NULL),(675,22,167,491,1528253127,NULL),(676,22,168,493,1528253137,NULL),(677,22,169,495,1528253147,NULL),(678,22,170,499,1528253157,NULL),(679,22,171,501,1528253167,NULL),(680,22,172,504,1528253177,NULL),(681,22,173,508,1528253187,NULL),(682,22,174,512,1528253197,NULL),(683,22,175,513,1528253207,NULL),(684,22,176,517,1528253217,NULL),(685,22,177,519,1528253227,NULL),(686,22,178,524,1528253237,NULL),(687,22,179,525,1528253247,NULL),(688,22,180,529,1528253257,NULL),(689,22,181,531,1528253267,NULL),(690,22,182,534,1528253277,NULL),(691,23,10,27,1528252687,NULL),(692,23,11,30,1528252697,NULL),(693,23,13,37,1528252707,NULL),(694,23,14,40,1528252717,NULL),(695,23,15,43,1528252727,NULL),(696,23,16,45,1528252737,NULL),(697,23,19,52,1528252747,NULL),(698,23,20,54,1528252757,NULL),(699,23,21,57,1528252767,NULL),(700,23,22,61,1528252777,NULL),(701,23,133,387,1528252787,NULL),(702,23,134,390,1528252797,NULL),(703,23,135,395,1528252807,NULL),(704,23,136,397,1528252817,NULL),(705,23,137,401,1528252827,NULL),(706,23,138,404,1528252837,NULL),(707,23,139,406,1528252847,NULL),(708,23,140,408,1528252857,NULL),(709,23,141,411,1528252867,NULL),(710,23,142,414,1528252877,NULL),(711,23,143,419,1528252887,NULL),(712,23,144,422,1528252897,NULL),(713,23,145,425,1528252907,NULL),(714,23,146,427,1528252917,NULL),(715,23,147,429,1528252927,NULL),(716,23,148,433,1528252937,NULL),(717,23,149,436,1528252947,NULL),(718,23,150,438,1528252957,NULL),(719,23,151,443,1528252967,NULL),(720,23,152,444,1528252977,NULL),(721,23,153,449,1528252987,NULL),(722,23,154,451,1528252997,NULL),(723,23,155,455,1528253007,NULL),(724,23,156,458,1528253017,NULL),(725,23,157,459,1528253027,NULL),(726,23,158,464,1528253037,NULL),(727,23,159,467,1528253047,NULL),(728,23,160,470,1528253057,NULL),(729,23,161,473,1528253067,NULL),(730,23,162,474,1528253077,NULL),(731,23,163,477,1528253087,NULL),(732,23,164,482,1528253097,NULL),(733,23,165,484,1528253107,NULL),(734,23,166,487,1528253117,NULL),(735,23,167,491,1528253127,NULL),(736,23,168,494,1528253137,NULL),(737,23,169,496,1528253147,NULL),(738,23,170,498,1528253157,NULL),(739,23,171,503,1528253167,NULL),(740,23,172,506,1528253177,NULL),(741,23,173,508,1528253187,NULL),(742,23,174,510,1528253197,NULL),(743,23,175,513,1528253207,NULL),(744,23,176,517,1528253217,NULL),(745,23,177,520,1528253227,NULL),(746,23,178,522,1528253237,NULL),(747,23,179,526,1528253247,NULL),(748,23,180,528,1528253257,NULL),(749,23,181,531,1528253267,NULL),(750,23,182,533,1528253277,NULL),(751,24,10,27,1528252687,NULL),(752,24,11,30,1528252697,NULL),(753,24,13,36,1528252707,NULL),(754,24,14,40,1528252717,NULL),(755,24,15,41,1528252727,NULL),(756,24,16,44,1528252737,NULL),(757,24,19,52,1528252747,NULL),(758,24,20,54,1528252757,NULL),(759,24,21,58,1528252767,NULL),(760,24,22,60,1528252777,NULL),(761,24,133,389,1528252787,NULL),(762,24,134,391,1528252797,NULL),(763,24,135,395,1528252807,NULL),(764,24,136,397,1528252817,NULL),(765,24,137,401,1528252827,NULL),(766,24,138,403,1528252837,NULL),(767,24,139,405,1528252847,NULL),(768,24,140,410,1528252857,NULL),(769,24,141,411,1528252867,NULL),(770,24,142,416,1528252877,NULL),(771,24,143,418,1528252887,NULL),(772,24,144,420,1528252897,NULL),(773,24,145,423,1528252907,NULL),(774,24,146,427,1528252917,NULL),(775,24,147,431,1528252927,NULL),(776,24,148,432,1528252937,NULL),(777,24,149,437,1528252947,NULL),(778,24,150,440,1528252957,NULL),(779,24,151,442,1528252967,NULL),(780,24,152,444,1528252977,NULL),(781,24,153,447,1528252987,NULL),(782,24,154,450,1528252997,NULL),(783,24,155,454,1528253007,NULL),(784,24,156,458,1528253017,NULL),(785,24,157,459,1528253027,NULL),(786,24,158,464,1528253037,NULL),(787,24,159,467,1528253047,NULL),(788,24,160,468,1528253057,NULL),(789,24,161,473,1528253067,NULL),(790,24,162,474,1528253077,NULL),(791,24,163,478,1528253087,NULL),(792,24,164,481,1528253097,NULL),(793,24,165,484,1528253107,NULL),(794,24,166,487,1528253117,NULL),(795,24,167,490,1528253127,NULL),(796,24,168,493,1528253137,NULL),(797,24,169,495,1528253147,NULL),(798,24,170,500,1528253157,NULL),(799,24,171,501,1528253167,NULL),(800,24,172,505,1528253177,NULL),(801,24,173,507,1528253187,NULL),(802,24,174,510,1528253197,NULL),(803,24,175,513,1528253207,NULL),(804,24,176,516,1528253217,NULL),(805,24,177,519,1528253227,NULL),(806,24,178,523,1528253237,NULL),(807,24,179,527,1528253247,NULL),(808,24,180,529,1528253257,NULL),(809,24,181,532,1528253267,NULL),(810,24,182,534,1528253277,NULL),(811,25,10,28,1528252687,NULL),(812,25,11,30,1528252697,NULL),(813,25,13,37,1528252707,NULL),(814,25,14,39,1528252717,NULL),(815,25,15,43,1528252727,NULL),(816,25,16,44,1528252737,NULL),(817,25,19,52,1528252747,NULL),(818,25,20,55,1528252757,NULL),(819,25,21,57,1528252767,NULL),(820,25,22,61,1528252777,NULL),(821,25,133,389,1528252787,NULL),(822,25,134,391,1528252797,NULL),(823,25,135,395,1528252807,NULL),(824,25,136,396,1528252817,NULL),(825,25,137,399,1528252827,NULL),(826,25,138,402,1528252837,NULL),(827,25,139,405,1528252847,NULL),(828,25,140,410,1528252857,NULL),(829,25,141,412,1528252867,NULL),(830,25,142,415,1528252877,NULL),(831,25,143,417,1528252887,NULL),(832,25,144,420,1528252897,NULL),(833,25,145,423,1528252907,NULL),(834,25,146,428,1528252917,NULL),(835,25,147,431,1528252927,NULL),(836,25,148,432,1528252937,NULL),(837,25,149,436,1528252947,NULL),(838,25,150,439,1528252957,NULL),(839,25,151,442,1528252967,NULL),(840,25,152,445,1528252977,NULL),(841,25,153,447,1528252987,NULL),(842,25,154,450,1528252997,NULL),(843,25,155,454,1528253007,NULL),(844,25,156,456,1528253017,NULL),(845,25,157,461,1528253027,NULL),(846,25,158,464,1528253037,NULL),(847,25,159,467,1528253047,NULL),(848,25,160,469,1528253057,NULL),(849,25,161,473,1528253067,NULL),(850,25,162,475,1528253077,NULL),(851,25,163,477,1528253087,NULL),(852,25,164,482,1528253097,NULL),(853,25,165,483,1528253107,NULL),(854,25,166,488,1528253117,NULL),(855,25,167,490,1528253127,NULL),(856,25,168,494,1528253137,NULL),(857,25,169,497,1528253147,NULL),(858,25,170,500,1528253157,NULL),(859,25,171,501,1528253167,NULL),(860,25,172,505,1528253177,NULL),(861,25,173,508,1528253187,NULL),(862,25,174,510,1528253197,NULL),(863,25,175,513,1528253207,NULL),(864,25,176,516,1528253217,NULL),(865,25,177,520,1528253227,NULL),(866,25,178,523,1528253237,NULL),(867,25,179,527,1528253247,NULL),(868,25,180,530,1528253257,NULL),(869,25,181,531,1528253267,NULL),(870,25,182,533,1528253277,NULL),(871,26,10,28,1528252687,NULL),(872,26,11,30,1528252697,NULL),(873,26,13,37,1528252707,NULL),(874,26,14,40,1528252717,NULL),(875,26,15,42,1528252727,NULL),(876,26,16,45,1528252737,NULL),(877,26,19,53,1528252747,NULL),(878,26,20,55,1528252757,NULL),(879,26,21,58,1528252767,NULL),(880,26,22,61,1528252777,NULL),(881,26,133,387,1528252787,NULL),(882,26,134,390,1528252797,NULL),(883,26,135,395,1528252807,NULL),(884,26,136,397,1528252817,NULL),(885,26,137,399,1528252827,NULL),(886,26,138,403,1528252837,NULL),(887,26,139,407,1528252847,NULL),(888,26,140,409,1528252857,NULL),(889,26,141,413,1528252867,NULL),(890,26,142,416,1528252877,NULL),(891,26,143,419,1528252887,NULL),(892,26,144,421,1528252897,NULL),(893,26,145,423,1528252907,NULL),(894,26,146,426,1528252917,NULL),(895,26,147,431,1528252927,NULL),(896,26,148,434,1528252937,NULL),(897,26,149,436,1528252947,NULL),(898,26,150,439,1528252957,NULL),(899,26,151,442,1528252967,NULL),(900,26,152,446,1528252977,NULL),(901,26,153,447,1528252987,NULL),(902,26,154,452,1528252997,NULL),(903,26,155,454,1528253007,NULL),(904,26,156,457,1528253017,NULL),(905,26,157,459,1528253027,NULL),(906,26,158,463,1528253037,NULL),(907,26,159,465,1528253047,NULL),(908,26,160,469,1528253057,NULL),(909,26,161,471,1528253067,NULL),(910,26,162,475,1528253077,NULL),(911,26,163,478,1528253087,NULL),(912,26,164,482,1528253097,NULL),(913,26,165,484,1528253107,NULL),(914,26,166,488,1528253117,NULL),(915,26,167,489,1528253127,NULL),(916,26,168,493,1528253137,NULL),(917,26,169,495,1528253147,NULL),(918,26,170,499,1528253157,NULL),(919,26,171,501,1528253167,NULL),(920,26,172,506,1528253177,NULL),(921,26,173,508,1528253187,NULL),(922,26,174,511,1528253197,NULL),(923,26,175,513,1528253207,NULL),(924,26,176,518,1528253217,NULL),(925,26,177,521,1528253227,NULL),(926,26,178,524,1528253237,NULL),(927,26,179,526,1528253247,NULL),(928,26,180,528,1528253257,NULL),(929,26,181,531,1528253267,NULL),(930,26,182,533,1528253277,NULL),(931,27,10,27,1528252687,NULL),(932,27,11,29,1528252697,NULL),(933,27,13,37,1528252707,NULL),(934,27,14,39,1528252717,NULL),(935,27,15,43,1528252727,NULL),(936,27,16,44,1528252737,NULL),(937,27,19,52,1528252747,NULL),(938,27,20,54,1528252757,NULL),(939,27,21,59,1528252767,NULL),(940,27,22,61,1528252777,NULL),(941,27,133,387,1528252787,NULL),(942,27,134,390,1528252797,NULL),(943,27,135,395,1528252807,NULL),(944,27,136,398,1528252817,NULL),(945,27,137,399,1528252827,NULL),(946,27,138,404,1528252837,NULL),(947,27,139,406,1528252847,NULL),(948,27,140,409,1528252857,NULL),(949,27,141,413,1528252867,NULL),(950,27,142,415,1528252877,NULL),(951,27,143,419,1528252887,NULL),(952,27,144,422,1528252897,NULL),(953,27,145,423,1528252907,NULL),(954,27,146,426,1528252917,NULL),(955,27,147,430,1528252927,NULL),(956,27,148,434,1528252937,NULL),(957,27,149,435,1528252947,NULL),(958,27,150,440,1528252957,NULL),(959,27,151,443,1528252967,NULL),(960,27,152,445,1528252977,NULL),(961,27,153,447,1528252987,NULL),(962,27,154,452,1528252997,NULL),(963,27,155,455,1528253007,NULL),(964,27,156,456,1528253017,NULL),(965,27,157,460,1528253027,NULL),(966,27,158,463,1528253037,NULL),(967,27,159,466,1528253047,NULL),(968,27,160,468,1528253057,NULL),(969,27,161,471,1528253067,NULL),(970,27,162,476,1528253077,NULL),(971,27,163,477,1528253087,NULL),(972,27,164,482,1528253097,NULL),(973,27,165,484,1528253107,NULL),(974,27,166,486,1528253117,NULL),(975,27,167,490,1528253127,NULL),(976,27,168,494,1528253137,NULL),(977,27,169,497,1528253147,NULL),(978,27,170,499,1528253157,NULL),(979,27,171,501,1528253167,NULL),(980,27,172,505,1528253177,NULL),(981,27,173,509,1528253187,NULL),(982,27,174,512,1528253197,NULL),(983,27,175,514,1528253207,NULL),(984,27,176,516,1528253217,NULL),(985,27,177,520,1528253227,NULL),(986,27,178,522,1528253237,NULL),(987,27,179,527,1528253247,NULL),(988,27,180,529,1528253257,NULL),(989,27,181,531,1528253267,NULL),(990,27,182,533,1528253277,NULL),(991,28,10,27,1528252687,NULL),(992,28,11,29,1528252697,NULL),(993,28,13,35,1528252707,NULL),(994,28,14,40,1528252717,NULL),(995,28,15,41,1528252727,NULL),(996,28,16,46,1528252737,NULL),(997,28,19,52,1528252747,NULL),(998,28,20,54,1528252757,NULL),(999,28,21,57,1528252767,NULL),(1000,28,22,60,1528252777,NULL),(1001,28,133,387,1528252787,NULL),(1002,28,134,391,1528252797,NULL),(1003,28,135,395,1528252807,NULL),(1004,28,136,398,1528252817,NULL),(1005,28,137,400,1528252827,NULL),(1006,28,138,404,1528252837,NULL),(1007,28,139,406,1528252847,NULL),(1008,28,140,409,1528252857,NULL),(1009,28,141,413,1528252867,NULL),(1010,28,142,414,1528252877,NULL),(1011,28,143,418,1528252887,NULL),(1012,28,144,421,1528252897,NULL),(1013,28,145,425,1528252907,NULL),(1014,28,146,428,1528252917,NULL),(1015,28,147,431,1528252927,NULL),(1016,28,148,434,1528252937,NULL),(1017,28,149,436,1528252947,NULL),(1018,28,150,438,1528252957,NULL),(1019,28,151,441,1528252967,NULL),(1020,28,152,445,1528252977,NULL),(1021,28,153,448,1528252987,NULL),(1022,28,154,452,1528252997,NULL),(1023,28,155,453,1528253007,NULL),(1024,28,156,458,1528253017,NULL),(1025,28,157,459,1528253027,NULL),(1026,28,158,463,1528253037,NULL),(1027,28,159,467,1528253047,NULL),(1028,28,160,468,1528253057,NULL),(1029,28,161,473,1528253067,NULL),(1030,28,162,476,1528253077,NULL),(1031,28,163,479,1528253087,NULL),(1032,28,164,481,1528253097,NULL),(1033,28,165,485,1528253107,NULL),(1034,28,166,488,1528253117,NULL),(1035,28,167,489,1528253127,NULL),(1036,28,168,494,1528253137,NULL),(1037,28,169,496,1528253147,NULL),(1038,28,170,500,1528253157,NULL),(1039,28,171,503,1528253167,NULL),(1040,28,172,506,1528253177,NULL),(1041,28,173,508,1528253187,NULL),(1042,28,174,510,1528253197,NULL),(1043,28,175,513,1528253207,NULL),(1044,28,176,516,1528253217,NULL),(1045,28,177,519,1528253227,NULL),(1046,28,178,523,1528253237,NULL),(1047,28,179,527,1528253247,NULL),(1048,28,180,530,1528253257,NULL),(1049,28,181,532,1528253267,NULL),(1050,28,182,534,1528253277,NULL),(1051,29,10,28,1528252687,NULL),(1052,29,11,30,1528252697,NULL),(1053,29,13,36,1528252707,NULL),(1054,29,14,40,1528252717,NULL),(1055,29,15,42,1528252727,NULL),(1056,29,16,45,1528252737,NULL),(1057,29,19,53,1528252747,NULL),(1058,29,20,54,1528252757,NULL),(1059,29,21,58,1528252767,NULL),(1060,29,22,62,1528252777,NULL),(1061,29,133,388,1528252787,NULL),(1062,29,134,390,1528252797,NULL),(1063,29,135,394,1528252807,NULL),(1064,29,136,397,1528252817,NULL),(1065,29,137,399,1528252827,NULL),(1066,29,138,403,1528252837,NULL),(1067,29,139,407,1528252847,NULL),(1068,29,140,410,1528252857,NULL),(1069,29,141,412,1528252867,NULL),(1070,29,142,414,1528252877,NULL),(1071,29,143,419,1528252887,NULL),(1072,29,144,421,1528252897,NULL),(1073,29,145,423,1528252907,NULL),(1074,29,146,426,1528252917,NULL),(1075,29,147,429,1528252927,NULL),(1076,29,148,432,1528252937,NULL),(1077,29,149,437,1528252947,NULL),(1078,29,150,439,1528252957,NULL),(1079,29,151,441,1528252967,NULL),(1080,29,152,444,1528252977,NULL),(1081,29,153,449,1528252987,NULL),(1082,29,154,451,1528252997,NULL),(1083,29,155,454,1528253007,NULL),(1084,29,156,456,1528253017,NULL),(1085,29,157,459,1528253027,NULL),(1086,29,158,462,1528253037,NULL),(1087,29,159,466,1528253047,NULL),(1088,29,160,470,1528253057,NULL),(1089,29,161,471,1528253067,NULL),(1090,29,162,475,1528253077,NULL),(1091,29,163,477,1528253087,NULL),(1092,29,164,481,1528253097,NULL),(1093,29,165,483,1528253107,NULL),(1094,29,166,488,1528253117,NULL),(1095,29,167,491,1528253127,NULL),(1096,29,168,492,1528253137,NULL),(1097,29,169,497,1528253147,NULL),(1098,29,170,499,1528253157,NULL),(1099,29,171,502,1528253167,NULL),(1100,29,172,505,1528253177,NULL),(1101,29,173,507,1528253187,NULL),(1102,29,174,511,1528253197,NULL),(1103,29,175,514,1528253207,NULL),(1104,29,176,518,1528253217,NULL),(1105,29,177,519,1528253227,NULL),(1106,29,178,522,1528253237,NULL),(1107,29,179,525,1528253247,NULL),(1108,29,180,528,1528253257,NULL),(1109,29,181,532,1528253267,NULL),(1110,29,182,533,1528253277,NULL),(1111,30,10,28,1528252687,NULL),(1112,30,11,31,1528252697,NULL),(1113,30,13,35,1528252707,NULL),(1114,30,14,40,1528252717,NULL),(1115,30,15,41,1528252727,NULL),(1116,30,16,46,1528252737,NULL),(1117,30,19,53,1528252747,NULL),(1118,30,20,56,1528252757,NULL),(1119,30,21,57,1528252767,NULL),(1120,30,22,62,1528252777,NULL),(1121,30,133,389,1528252787,NULL),(1122,30,134,392,1528252797,NULL),(1123,30,135,395,1528252807,NULL),(1124,30,136,397,1528252817,NULL),(1125,30,137,399,1528252827,NULL),(1126,30,138,402,1528252837,NULL),(1127,30,139,406,1528252847,NULL),(1128,30,140,410,1528252857,NULL),(1129,30,141,412,1528252867,NULL),(1130,30,142,415,1528252877,NULL),(1131,30,143,419,1528252887,NULL),(1132,30,144,421,1528252897,NULL),(1133,30,145,425,1528252907,NULL),(1134,30,146,427,1528252917,NULL),(1135,30,147,430,1528252927,NULL),(1136,30,148,434,1528252937,NULL),(1137,30,149,435,1528252947,NULL),(1138,30,150,439,1528252957,NULL),(1139,30,151,443,1528252967,NULL),(1140,30,152,446,1528252977,NULL),(1141,30,153,447,1528252987,NULL),(1142,30,154,450,1528252997,NULL),(1143,30,155,455,1528253007,NULL),(1144,30,156,456,1528253017,NULL),(1145,30,157,460,1528253027,NULL),(1146,30,158,464,1528253037,NULL),(1147,30,159,465,1528253047,NULL),(1148,30,160,468,1528253057,NULL),(1149,30,161,472,1528253067,NULL),(1150,30,162,474,1528253077,NULL),(1151,30,163,478,1528253087,NULL),(1152,30,164,482,1528253097,NULL),(1153,30,165,485,1528253107,NULL),(1154,30,166,487,1528253117,NULL),(1155,30,167,490,1528253127,NULL),(1156,30,168,494,1528253137,NULL),(1157,30,169,495,1528253147,NULL),(1158,30,170,498,1528253157,NULL),(1159,30,171,501,1528253167,NULL),(1160,30,172,505,1528253177,NULL),(1161,30,173,507,1528253187,NULL),(1162,30,174,510,1528253197,NULL),(1163,30,175,514,1528253207,NULL),(1164,30,176,518,1528253217,NULL),(1165,30,177,519,1528253227,NULL),(1166,30,178,524,1528253237,NULL),(1167,30,179,526,1528253247,NULL),(1168,30,180,529,1528253257,NULL),(1169,30,181,531,1528253267,NULL),(1170,30,182,533,1528253277,NULL),(1171,31,10,27,1528252687,NULL),(1172,31,11,30,1528252697,NULL),(1173,31,13,37,1528252707,NULL),(1174,31,14,38,1528252717,NULL),(1175,31,15,42,1528252727,NULL),(1176,31,16,44,1528252737,NULL),(1177,31,19,53,1528252747,NULL),(1178,31,20,54,1528252757,NULL),(1179,31,21,57,1528252767,NULL),(1180,31,22,61,1528252777,NULL),(1181,31,133,389,1528252787,NULL),(1182,31,134,392,1528252797,NULL),(1183,31,135,394,1528252807,NULL),(1184,31,136,397,1528252817,NULL),(1185,31,137,401,1528252827,NULL),(1186,31,138,404,1528252837,NULL),(1187,31,139,405,1528252847,NULL),(1188,31,140,408,1528252857,NULL),(1189,31,141,411,1528252867,NULL),(1190,31,142,416,1528252877,NULL),(1191,31,143,418,1528252887,NULL),(1192,31,144,422,1528252897,NULL),(1193,31,145,425,1528252907,NULL),(1194,31,146,428,1528252917,NULL),(1195,31,147,429,1528252927,NULL),(1196,31,148,434,1528252937,NULL),(1197,31,149,436,1528252947,NULL),(1198,31,150,440,1528252957,NULL),(1199,31,151,441,1528252967,NULL),(1200,31,152,446,1528252977,NULL),(1201,31,153,449,1528252987,NULL),(1202,31,154,452,1528252997,NULL),(1203,31,155,454,1528253007,NULL),(1204,31,156,456,1528253017,NULL),(1205,31,157,461,1528253027,NULL),(1206,31,158,464,1528253037,NULL),(1207,31,159,467,1528253047,NULL),(1208,31,160,469,1528253057,NULL),(1209,31,161,471,1528253067,NULL),(1210,31,162,474,1528253077,NULL),(1211,31,163,479,1528253087,NULL),(1212,31,164,482,1528253097,NULL),(1213,31,165,484,1528253107,NULL),(1214,31,166,487,1528253117,NULL),(1215,31,167,490,1528253127,NULL),(1216,31,168,492,1528253137,NULL),(1217,31,169,496,1528253147,NULL),(1218,31,170,499,1528253157,NULL),(1219,31,171,501,1528253167,NULL),(1220,31,172,505,1528253177,NULL),(1221,31,173,508,1528253187,NULL),(1222,31,174,512,1528253197,NULL),(1223,31,175,514,1528253207,NULL),(1224,31,176,516,1528253217,NULL),(1225,31,177,521,1528253227,NULL),(1226,31,178,523,1528253237,NULL),(1227,31,179,526,1528253247,NULL),(1228,31,180,530,1528253257,NULL),(1229,31,181,532,1528253267,NULL),(1230,31,182,534,1528253277,NULL),(1231,32,10,28,1528252687,NULL),(1232,32,11,31,1528252697,NULL),(1233,32,13,37,1528252707,NULL),(1234,32,14,40,1528252717,NULL),(1235,32,15,41,1528252727,NULL),(1236,32,16,46,1528252737,NULL),(1237,32,19,52,1528252747,NULL),(1238,32,20,55,1528252757,NULL),(1239,32,21,59,1528252767,NULL),(1240,32,22,62,1528252777,NULL),(1241,32,133,389,1528252787,NULL),(1242,32,134,392,1528252797,NULL),(1243,32,135,393,1528252807,NULL),(1244,32,136,398,1528252817,NULL),(1245,32,137,399,1528252827,NULL),(1246,32,138,403,1528252837,NULL),(1247,32,139,405,1528252847,NULL),(1248,32,140,409,1528252857,NULL),(1249,32,141,413,1528252867,NULL),(1250,32,142,415,1528252877,NULL),(1251,32,143,419,1528252887,NULL),(1252,32,144,421,1528252897,NULL),(1253,32,145,424,1528252907,NULL),(1254,32,146,428,1528252917,NULL),(1255,32,147,430,1528252927,NULL),(1256,32,148,434,1528252937,NULL),(1257,32,149,436,1528252947,NULL),(1258,32,150,439,1528252957,NULL),(1259,32,151,442,1528252967,NULL),(1260,32,152,446,1528252977,NULL),(1261,32,153,448,1528252987,NULL),(1262,32,154,450,1528252997,NULL),(1263,32,155,453,1528253007,NULL),(1264,32,156,458,1528253017,NULL),(1265,32,157,459,1528253027,NULL),(1266,32,158,462,1528253037,NULL),(1267,32,159,467,1528253047,NULL),(1268,32,160,469,1528253057,NULL),(1269,32,161,472,1528253067,NULL),(1270,32,162,474,1528253077,NULL),(1271,32,163,479,1528253087,NULL),(1272,32,164,481,1528253097,NULL),(1273,32,165,483,1528253107,NULL),(1274,32,166,488,1528253117,NULL),(1275,32,167,489,1528253127,NULL),(1276,32,168,493,1528253137,NULL),(1277,32,169,496,1528253147,NULL),(1278,32,170,499,1528253157,NULL),(1279,32,171,501,1528253167,NULL),(1280,32,172,504,1528253177,NULL),(1281,32,173,509,1528253187,NULL),(1282,32,174,511,1528253197,NULL),(1283,32,175,513,1528253207,NULL),(1284,32,176,517,1528253217,NULL),(1285,32,177,521,1528253227,NULL),(1286,32,178,523,1528253237,NULL),(1287,32,179,527,1528253247,NULL),(1288,32,180,528,1528253257,NULL),(1289,32,181,532,1528253267,NULL),(1290,32,182,534,1528253277,NULL),(1291,33,10,27,1528252687,NULL),(1292,33,11,29,1528252697,NULL),(1293,33,13,37,1528252707,NULL),(1294,33,14,40,1528252717,NULL),(1295,33,15,43,1528252727,NULL),(1296,33,16,45,1528252737,NULL),(1297,33,19,53,1528252747,NULL),(1298,33,20,56,1528252757,NULL),(1299,33,21,57,1528252767,NULL),(1300,33,22,61,1528252777,NULL),(1301,33,133,388,1528252787,NULL),(1302,33,134,392,1528252797,NULL),(1303,33,135,394,1528252807,NULL),(1304,33,136,396,1528252817,NULL),(1305,33,137,401,1528252827,NULL),(1306,33,138,403,1528252837,NULL),(1307,33,139,406,1528252847,NULL),(1308,33,140,408,1528252857,NULL),(1309,33,141,412,1528252867,NULL),(1310,33,142,415,1528252877,NULL),(1311,33,143,417,1528252887,NULL),(1312,33,144,422,1528252897,NULL),(1313,33,145,424,1528252907,NULL),(1314,33,146,428,1528252917,NULL),(1315,33,147,431,1528252927,NULL),(1316,33,148,432,1528252937,NULL),(1317,33,149,435,1528252947,NULL),(1318,33,150,440,1528252957,NULL),(1319,33,151,443,1528252967,NULL),(1320,33,152,445,1528252977,NULL),(1321,33,153,448,1528252987,NULL),(1322,33,154,452,1528252997,NULL),(1323,33,155,453,1528253007,NULL),(1324,33,156,456,1528253017,NULL),(1325,33,157,459,1528253027,NULL),(1326,33,158,463,1528253037,NULL),(1327,33,159,466,1528253047,NULL),(1328,33,160,469,1528253057,NULL),(1329,33,161,471,1528253067,NULL),(1330,33,162,474,1528253077,NULL),(1331,33,163,478,1528253087,NULL),(1332,33,164,482,1528253097,NULL),(1333,33,165,483,1528253107,NULL),(1334,33,166,488,1528253117,NULL),(1335,33,167,491,1528253127,NULL),(1336,33,168,494,1528253137,NULL),(1337,33,169,497,1528253147,NULL),(1338,33,170,500,1528253157,NULL),(1339,33,171,503,1528253167,NULL),(1340,33,172,504,1528253177,NULL),(1341,33,173,509,1528253187,NULL),(1342,33,174,512,1528253197,NULL),(1343,33,175,515,1528253207,NULL),(1344,33,176,516,1528253217,NULL),(1345,33,177,519,1528253227,NULL),(1346,33,178,523,1528253237,NULL),(1347,33,179,527,1528253247,NULL),(1348,33,180,529,1528253257,NULL),(1349,33,181,532,1528253267,NULL),(1350,33,182,534,1528253277,NULL),(1351,34,10,28,1528252687,NULL),(1352,34,11,31,1528252697,NULL),(1353,34,13,36,1528252707,NULL),(1354,34,14,38,1528252717,NULL),(1355,34,15,42,1528252727,NULL),(1356,34,16,46,1528252737,NULL),(1357,34,19,52,1528252747,NULL),(1358,34,20,56,1528252757,NULL),(1359,34,21,57,1528252767,NULL),(1360,34,22,61,1528252777,NULL),(1361,34,133,387,1528252787,NULL),(1362,34,134,391,1528252797,NULL),(1363,34,135,395,1528252807,NULL),(1364,34,136,398,1528252817,NULL),(1365,34,137,401,1528252827,NULL),(1366,34,138,404,1528252837,NULL),(1367,34,139,405,1528252847,NULL),(1368,34,140,409,1528252857,NULL),(1369,34,141,411,1528252867,NULL),(1370,34,142,415,1528252877,NULL),(1371,34,143,418,1528252887,NULL),(1372,34,144,421,1528252897,NULL),(1373,34,145,425,1528252907,NULL),(1374,34,146,426,1528252917,NULL),(1375,34,147,429,1528252927,NULL),(1376,34,148,433,1528252937,NULL),(1377,34,149,435,1528252947,NULL),(1378,34,150,440,1528252957,NULL),(1379,34,151,443,1528252967,NULL),(1380,34,152,444,1528252977,NULL),(1381,34,153,449,1528252987,NULL),(1382,34,154,450,1528252997,NULL),(1383,34,155,455,1528253007,NULL),(1384,34,156,456,1528253017,NULL),(1385,34,157,459,1528253027,NULL),(1386,34,158,464,1528253037,NULL),(1387,34,159,466,1528253047,NULL),(1388,34,160,468,1528253057,NULL),(1389,34,161,473,1528253067,NULL),(1390,34,162,474,1528253077,NULL),(1391,34,163,477,1528253087,NULL),(1392,34,164,482,1528253097,NULL),(1393,34,165,483,1528253107,NULL),(1394,34,166,487,1528253117,NULL),(1395,34,167,491,1528253127,NULL),(1396,34,168,492,1528253137,NULL),(1397,34,169,496,1528253147,NULL),(1398,34,170,499,1528253157,NULL),(1399,34,171,502,1528253167,NULL),(1400,34,172,505,1528253177,NULL),(1401,34,173,509,1528253187,NULL),(1402,34,174,510,1528253197,NULL),(1403,34,175,513,1528253207,NULL),(1404,34,176,517,1528253217,NULL),(1405,34,177,519,1528253227,NULL),(1406,34,178,523,1528253237,NULL),(1407,34,179,527,1528253247,NULL),(1408,34,180,530,1528253257,NULL),(1409,34,181,531,1528253267,NULL),(1410,34,182,534,1528253277,NULL),(1411,35,10,27,1528252687,NULL),(1412,35,11,29,1528252697,NULL),(1413,35,13,35,1528252707,NULL),(1414,35,14,39,1528252717,NULL),(1415,35,15,42,1528252727,NULL),(1416,35,16,44,1528252737,NULL),(1417,35,19,52,1528252747,NULL),(1418,35,20,55,1528252757,NULL),(1419,35,21,58,1528252767,NULL),(1420,35,22,60,1528252777,NULL),(1421,35,133,387,1528252787,NULL),(1422,35,134,391,1528252797,NULL),(1423,35,135,395,1528252807,NULL),(1424,35,136,398,1528252817,NULL),(1425,35,137,401,1528252827,NULL),(1426,35,138,402,1528252837,NULL),(1427,35,139,405,1528252847,NULL),(1428,35,140,410,1528252857,NULL),(1429,35,141,411,1528252867,NULL),(1430,35,142,414,1528252877,NULL),(1431,35,143,419,1528252887,NULL),(1432,35,144,420,1528252897,NULL),(1433,35,145,423,1528252907,NULL),(1434,35,146,428,1528252917,NULL),(1435,35,147,431,1528252927,NULL),(1436,35,148,433,1528252937,NULL),(1437,35,149,437,1528252947,NULL),(1438,35,150,438,1528252957,NULL),(1439,35,151,441,1528252967,NULL),(1440,35,152,446,1528252977,NULL),(1441,35,153,449,1528252987,NULL),(1442,35,154,450,1528252997,NULL),(1443,35,155,453,1528253007,NULL),(1444,35,156,458,1528253017,NULL),(1445,35,157,460,1528253027,NULL),(1446,35,158,464,1528253037,NULL),(1447,35,159,467,1528253047,NULL),(1448,35,160,470,1528253057,NULL),(1449,35,161,471,1528253067,NULL),(1450,35,162,476,1528253077,NULL),(1451,35,163,478,1528253087,NULL),(1452,35,164,482,1528253097,NULL),(1453,35,165,485,1528253107,NULL),(1454,35,166,487,1528253117,NULL),(1455,35,167,491,1528253127,NULL),(1456,35,168,494,1528253137,NULL),(1457,35,169,497,1528253147,NULL),(1458,35,170,499,1528253157,NULL),(1459,35,171,503,1528253167,NULL),(1460,35,172,504,1528253177,NULL),(1461,35,173,509,1528253187,NULL),(1462,35,174,510,1528253197,NULL),(1463,35,175,515,1528253207,NULL),(1464,35,176,517,1528253217,NULL),(1465,35,177,519,1528253227,NULL),(1466,35,178,523,1528253237,NULL),(1467,35,179,526,1528253247,NULL),(1468,35,180,528,1528253257,NULL),(1469,35,181,532,1528253267,NULL),(1470,35,182,533,1528253277,NULL),(1471,36,10,28,1528252687,NULL),(1472,36,11,31,1528252697,NULL),(1473,36,13,37,1528252707,NULL),(1474,36,14,40,1528252717,NULL),(1475,36,15,43,1528252727,NULL),(1476,36,16,45,1528252737,NULL),(1477,36,19,53,1528252747,NULL),(1478,36,20,54,1528252757,NULL),(1479,36,21,57,1528252767,NULL),(1480,36,22,60,1528252777,NULL),(1481,36,133,388,1528252787,NULL),(1482,36,134,392,1528252797,NULL),(1483,36,135,394,1528252807,NULL),(1484,36,136,398,1528252817,NULL),(1485,36,137,399,1528252827,NULL),(1486,36,138,403,1528252837,NULL),(1487,36,139,405,1528252847,NULL),(1488,36,140,410,1528252857,NULL),(1489,36,141,411,1528252867,NULL),(1490,36,142,416,1528252877,NULL),(1491,36,143,419,1528252887,NULL),(1492,36,144,420,1528252897,NULL),(1493,36,145,423,1528252907,NULL),(1494,36,146,427,1528252917,NULL),(1495,36,147,431,1528252927,NULL),(1496,36,148,432,1528252937,NULL),(1497,36,149,435,1528252947,NULL),(1498,36,150,439,1528252957,NULL),(1499,36,151,441,1528252967,NULL),(1500,36,152,445,1528252977,NULL),(1501,36,153,449,1528252987,NULL),(1502,36,154,450,1528252997,NULL),(1503,36,155,454,1528253007,NULL),(1504,36,156,457,1528253017,NULL),(1505,36,157,459,1528253027,NULL),(1506,36,158,463,1528253037,NULL),(1507,36,159,466,1528253047,NULL),(1508,36,160,469,1528253057,NULL),(1509,36,161,471,1528253067,NULL),(1510,36,162,476,1528253077,NULL),(1511,36,163,477,1528253087,NULL),(1512,36,164,480,1528253097,NULL),(1513,36,165,483,1528253107,NULL),(1514,36,166,486,1528253117,NULL),(1515,36,167,490,1528253127,NULL),(1516,36,168,493,1528253137,NULL),(1517,36,169,496,1528253147,NULL),(1518,36,170,500,1528253157,NULL),(1519,36,171,503,1528253167,NULL),(1520,36,172,504,1528253177,NULL),(1521,36,173,507,1528253187,NULL),(1522,36,174,512,1528253197,NULL),(1523,36,175,513,1528253207,NULL),(1524,36,176,517,1528253217,NULL),(1525,36,177,520,1528253227,NULL),(1526,36,178,524,1528253237,NULL),(1527,36,179,526,1528253247,NULL),(1528,36,180,528,1528253257,NULL),(1529,36,181,532,1528253267,NULL),(1530,36,182,533,1528253277,NULL),(1531,37,10,27,1528252687,NULL),(1532,37,11,31,1528252697,NULL),(1533,37,13,36,1528252707,NULL),(1534,37,14,40,1528252717,NULL),(1535,37,15,41,1528252727,NULL),(1536,37,16,45,1528252737,NULL),(1537,37,19,52,1528252747,NULL),(1538,37,20,56,1528252757,NULL),(1539,37,21,57,1528252767,NULL),(1540,37,22,60,1528252777,NULL),(1541,37,133,388,1528252787,NULL),(1542,37,134,391,1528252797,NULL),(1543,37,135,393,1528252807,NULL),(1544,37,136,397,1528252817,NULL),(1545,37,137,401,1528252827,NULL),(1546,37,138,403,1528252837,NULL),(1547,37,139,407,1528252847,NULL),(1548,37,140,410,1528252857,NULL),(1549,37,141,411,1528252867,NULL),(1550,37,142,415,1528252877,NULL),(1551,37,143,418,1528252887,NULL),(1552,37,144,422,1528252897,NULL),(1553,37,145,423,1528252907,NULL),(1554,37,146,427,1528252917,NULL),(1555,37,147,429,1528252927,NULL),(1556,37,148,434,1528252937,NULL),(1557,37,149,437,1528252947,NULL),(1558,37,150,438,1528252957,NULL),(1559,37,151,441,1528252967,NULL),(1560,37,152,445,1528252977,NULL),(1561,37,153,447,1528252987,NULL),(1562,37,154,450,1528252997,NULL),(1563,37,155,453,1528253007,NULL),(1564,37,156,456,1528253017,NULL),(1565,37,157,460,1528253027,NULL),(1566,37,158,463,1528253037,NULL),(1567,37,159,467,1528253047,NULL),(1568,37,160,470,1528253057,NULL),(1569,37,161,473,1528253067,NULL),(1570,37,162,475,1528253077,NULL),(1571,37,163,477,1528253087,NULL),(1572,37,164,481,1528253097,NULL),(1573,37,165,483,1528253107,NULL),(1574,37,166,487,1528253117,NULL),(1575,37,167,489,1528253127,NULL),(1576,37,168,493,1528253137,NULL),(1577,37,169,495,1528253147,NULL),(1578,37,170,498,1528253157,NULL),(1579,37,171,503,1528253167,NULL),(1580,37,172,506,1528253177,NULL),(1581,37,173,509,1528253187,NULL),(1582,37,174,512,1528253197,NULL),(1583,37,175,514,1528253207,NULL),(1584,37,176,517,1528253217,NULL),(1585,37,177,520,1528253227,NULL),(1586,37,178,523,1528253237,NULL),(1587,37,179,527,1528253247,NULL),(1588,37,180,529,1528253257,NULL),(1589,37,181,532,1528253267,NULL),(1590,37,182,533,1528253277,NULL),(1591,38,10,28,1528252687,NULL),(1592,38,11,30,1528252697,NULL),(1593,38,13,35,1528252707,NULL),(1594,38,14,39,1528252717,NULL),(1595,38,15,43,1528252727,NULL),(1596,38,16,45,1528252737,NULL),(1597,38,19,53,1528252747,NULL),(1598,38,20,54,1528252757,NULL),(1599,38,21,57,1528252767,NULL),(1600,38,22,60,1528252777,NULL),(1601,38,133,388,1528252787,NULL),(1602,38,134,390,1528252797,NULL),(1603,38,135,393,1528252807,NULL),(1604,38,136,396,1528252817,NULL),(1605,38,137,401,1528252827,NULL),(1606,38,138,404,1528252837,NULL),(1607,38,139,406,1528252847,NULL),(1608,38,140,409,1528252857,NULL),(1609,38,141,412,1528252867,NULL),(1610,38,142,416,1528252877,NULL),(1611,38,143,417,1528252887,NULL),(1612,38,144,422,1528252897,NULL),(1613,38,145,423,1528252907,NULL),(1614,38,146,428,1528252917,NULL),(1615,38,147,429,1528252927,NULL),(1616,38,148,433,1528252937,NULL),(1617,38,149,436,1528252947,NULL),(1618,38,150,440,1528252957,NULL),(1619,38,151,443,1528252967,NULL),(1620,38,152,446,1528252977,NULL),(1621,38,153,447,1528252987,NULL),(1622,38,154,452,1528252997,NULL),(1623,38,155,453,1528253007,NULL),(1624,38,156,458,1528253017,NULL),(1625,38,157,461,1528253027,NULL),(1626,38,158,464,1528253037,NULL),(1627,38,159,466,1528253047,NULL),(1628,38,160,469,1528253057,NULL),(1629,38,161,471,1528253067,NULL),(1630,38,162,475,1528253077,NULL),(1631,38,163,477,1528253087,NULL),(1632,38,164,480,1528253097,NULL),(1633,38,165,483,1528253107,NULL),(1634,38,166,487,1528253117,NULL),(1635,38,167,491,1528253127,NULL),(1636,38,168,494,1528253137,NULL),(1637,38,169,495,1528253147,NULL),(1638,38,170,500,1528253157,NULL),(1639,38,171,502,1528253167,NULL),(1640,38,172,504,1528253177,NULL),(1641,38,173,509,1528253187,NULL),(1642,38,174,511,1528253197,NULL),(1643,38,175,515,1528253207,NULL),(1644,38,176,516,1528253217,NULL),(1645,38,177,519,1528253227,NULL),(1646,38,178,523,1528253237,NULL),(1647,38,179,527,1528253247,NULL),(1648,38,180,529,1528253257,NULL),(1649,38,181,531,1528253267,NULL),(1650,38,182,534,1528253277,NULL),(1651,39,10,27,1528252687,NULL),(1652,39,11,29,1528252697,NULL),(1653,39,13,37,1528252707,NULL),(1654,39,14,39,1528252717,NULL),(1655,39,15,42,1528252727,NULL),(1656,39,16,45,1528252737,NULL),(1657,39,19,52,1528252747,NULL),(1658,39,20,54,1528252757,NULL),(1659,39,21,57,1528252767,NULL),(1660,39,22,61,1528252777,NULL),(1661,39,133,388,1528252787,NULL),(1662,39,134,392,1528252797,NULL),(1663,39,135,395,1528252807,NULL),(1664,39,136,396,1528252817,NULL),(1665,39,137,399,1528252827,NULL),(1666,39,138,402,1528252837,NULL),(1667,39,139,405,1528252847,NULL),(1668,39,140,410,1528252857,NULL),(1669,39,141,413,1528252867,NULL),(1670,39,142,415,1528252877,NULL),(1671,39,143,419,1528252887,NULL),(1672,39,144,420,1528252897,NULL),(1673,39,145,423,1528252907,NULL),(1674,39,146,427,1528252917,NULL),(1675,39,147,429,1528252927,NULL),(1676,39,148,432,1528252937,NULL),(1677,39,149,437,1528252947,NULL),(1678,39,150,438,1528252957,NULL),(1679,39,151,442,1528252967,NULL),(1680,39,152,446,1528252977,NULL),(1681,39,153,447,1528252987,NULL),(1682,39,154,451,1528252997,NULL),(1683,39,155,453,1528253007,NULL),(1684,39,156,456,1528253017,NULL),(1685,39,157,461,1528253027,NULL),(1686,39,158,462,1528253037,NULL),(1687,39,159,466,1528253047,NULL),(1688,39,160,470,1528253057,NULL),(1689,39,161,471,1528253067,NULL),(1690,39,162,476,1528253077,NULL),(1691,39,163,477,1528253087,NULL),(1692,39,164,480,1528253097,NULL),(1693,39,165,484,1528253107,NULL),(1694,39,166,486,1528253117,NULL),(1695,39,167,490,1528253127,NULL),(1696,39,168,492,1528253137,NULL),(1697,39,169,496,1528253147,NULL),(1698,39,170,498,1528253157,NULL),(1699,39,171,503,1528253167,NULL),(1700,39,172,506,1528253177,NULL),(1701,39,173,508,1528253187,NULL),(1702,39,174,510,1528253197,NULL),(1703,39,175,513,1528253207,NULL),(1704,39,176,518,1528253217,NULL),(1705,39,177,519,1528253227,NULL),(1706,39,178,523,1528253237,NULL),(1707,39,179,526,1528253247,NULL),(1708,39,180,528,1528253257,NULL),(1709,39,181,532,1528253267,NULL),(1710,39,182,533,1528253277,NULL),(1711,40,10,28,1528252687,NULL),(1712,40,11,30,1528252697,NULL),(1713,40,13,37,1528252707,NULL),(1714,40,14,40,1528252717,NULL),(1715,40,15,41,1528252727,NULL),(1716,40,16,45,1528252737,NULL),(1717,40,19,53,1528252747,NULL),(1718,40,20,54,1528252757,NULL),(1719,40,21,57,1528252767,NULL),(1720,40,22,61,1528252777,NULL),(1721,40,133,389,1528252787,NULL),(1722,40,134,390,1528252797,NULL),(1723,40,135,394,1528252807,NULL),(1724,40,136,398,1528252817,NULL),(1725,40,137,400,1528252827,NULL),(1726,40,138,403,1528252837,NULL),(1727,40,139,405,1528252847,NULL),(1728,40,140,408,1528252857,NULL),(1729,40,141,411,1528252867,NULL),(1730,40,142,414,1528252877,NULL),(1731,40,143,418,1528252887,NULL),(1732,40,144,422,1528252897,NULL),(1733,40,145,424,1528252907,NULL),(1734,40,146,426,1528252917,NULL),(1735,40,147,430,1528252927,NULL),(1736,40,148,432,1528252937,NULL),(1737,40,149,437,1528252947,NULL),(1738,40,150,440,1528252957,NULL),(1739,40,151,442,1528252967,NULL),(1740,40,152,445,1528252977,NULL),(1741,40,153,447,1528252987,NULL),(1742,40,154,452,1528252997,NULL),(1743,40,155,455,1528253007,NULL),(1744,40,156,458,1528253017,NULL),(1745,40,157,461,1528253027,NULL),(1746,40,158,462,1528253037,NULL),(1747,40,159,466,1528253047,NULL),(1748,40,160,468,1528253057,NULL),(1749,40,161,473,1528253067,NULL),(1750,40,162,475,1528253077,NULL),(1751,40,163,477,1528253087,NULL),(1752,40,164,481,1528253097,NULL),(1753,40,165,484,1528253107,NULL),(1754,40,166,487,1528253117,NULL),(1755,40,167,489,1528253127,NULL),(1756,40,168,493,1528253137,NULL),(1757,40,169,497,1528253147,NULL),(1758,40,170,499,1528253157,NULL),(1759,40,171,503,1528253167,NULL),(1760,40,172,505,1528253177,NULL),(1761,40,173,509,1528253187,NULL),(1762,40,174,510,1528253197,NULL),(1763,40,175,513,1528253207,NULL),(1764,40,176,518,1528253217,NULL),(1765,40,177,520,1528253227,NULL),(1766,40,178,522,1528253237,NULL),(1767,40,179,526,1528253247,NULL),(1768,40,180,530,1528253257,NULL),(1769,40,181,531,1528253267,NULL),(1770,40,182,533,1528253277,NULL),(1771,41,10,27,1528252687,NULL),(1772,41,11,29,1528252697,NULL),(1773,41,13,37,1528252707,NULL),(1774,41,14,40,1528252717,NULL),(1775,41,15,41,1528252727,NULL),(1776,41,16,44,1528252737,NULL),(1777,41,19,53,1528252747,NULL),(1778,41,20,54,1528252757,NULL),(1779,41,21,57,1528252767,NULL),(1780,41,22,61,1528252777,NULL),(1781,41,133,387,1528252787,NULL),(1782,41,134,392,1528252797,NULL),(1783,41,135,393,1528252807,NULL),(1784,41,136,398,1528252817,NULL),(1785,41,137,399,1528252827,NULL),(1786,41,138,404,1528252837,NULL),(1787,41,139,405,1528252847,NULL),(1788,41,140,409,1528252857,NULL),(1789,41,141,412,1528252867,NULL),(1790,41,142,415,1528252877,NULL),(1791,41,143,418,1528252887,NULL),(1792,41,144,421,1528252897,NULL),(1793,41,145,423,1528252907,NULL),(1794,41,146,428,1528252917,NULL),(1795,41,147,429,1528252927,NULL),(1796,41,148,433,1528252937,NULL),(1797,41,149,436,1528252947,NULL),(1798,41,150,439,1528252957,NULL),(1799,41,151,443,1528252967,NULL),(1800,41,152,445,1528252977,NULL),(1801,41,153,449,1528252987,NULL),(1802,41,154,451,1528252997,NULL),(1803,41,155,454,1528253007,NULL),(1804,41,156,458,1528253017,NULL),(1805,41,157,461,1528253027,NULL),(1806,41,158,463,1528253037,NULL),(1807,41,159,465,1528253047,NULL),(1808,41,160,468,1528253057,NULL),(1809,41,161,471,1528253067,NULL),(1810,41,162,475,1528253077,NULL),(1811,41,163,477,1528253087,NULL),(1812,41,164,482,1528253097,NULL),(1813,41,165,485,1528253107,NULL),(1814,41,166,486,1528253117,NULL),(1815,41,167,489,1528253127,NULL),(1816,41,168,493,1528253137,NULL),(1817,41,169,495,1528253147,NULL),(1818,41,170,499,1528253157,NULL),(1819,41,171,503,1528253167,NULL),(1820,41,172,504,1528253177,NULL),(1821,41,173,507,1528253187,NULL),(1822,41,174,510,1528253197,NULL),(1823,41,175,515,1528253207,NULL),(1824,41,176,517,1528253217,NULL),(1825,41,177,521,1528253227,NULL),(1826,41,178,523,1528253237,NULL),(1827,41,179,527,1528253247,NULL),(1828,41,180,530,1528253257,NULL),(1829,41,181,531,1528253267,NULL),(1830,41,182,534,1528253277,NULL),(1831,42,10,27,1528252687,NULL),(1832,42,11,30,1528252697,NULL),(1833,42,13,36,1528252707,NULL),(1834,42,14,40,1528252717,NULL),(1835,42,15,43,1528252727,NULL),(1836,42,16,45,1528252737,NULL),(1837,42,19,53,1528252747,NULL),(1838,42,20,56,1528252757,NULL),(1839,42,21,58,1528252767,NULL),(1840,42,22,60,1528252777,NULL),(1841,42,133,389,1528252787,NULL),(1842,42,134,390,1528252797,NULL),(1843,42,135,393,1528252807,NULL),(1844,42,136,397,1528252817,NULL),(1845,42,137,401,1528252827,NULL),(1846,42,138,404,1528252837,NULL),(1847,42,139,407,1528252847,NULL),(1848,42,140,408,1528252857,NULL),(1849,42,141,412,1528252867,NULL),(1850,42,142,416,1528252877,NULL),(1851,42,143,419,1528252887,NULL),(1852,42,144,421,1528252897,NULL),(1853,42,145,425,1528252907,NULL),(1854,42,146,428,1528252917,NULL),(1855,42,147,430,1528252927,NULL),(1856,42,148,433,1528252937,NULL),(1857,42,149,435,1528252947,NULL),(1858,42,150,439,1528252957,NULL),(1859,42,151,441,1528252967,NULL),(1860,42,152,444,1528252977,NULL),(1861,42,153,449,1528252987,NULL),(1862,42,154,451,1528252997,NULL),(1863,42,155,454,1528253007,NULL),(1864,42,156,456,1528253017,NULL),(1865,42,157,460,1528253027,NULL),(1866,42,158,462,1528253037,NULL),(1867,42,159,465,1528253047,NULL),(1868,42,160,469,1528253057,NULL),(1869,42,161,472,1528253067,NULL),(1870,42,162,474,1528253077,NULL),(1871,42,163,479,1528253087,NULL),(1872,42,164,481,1528253097,NULL),(1873,42,165,483,1528253107,NULL),(1874,42,166,487,1528253117,NULL),(1875,42,167,491,1528253127,NULL),(1876,42,168,493,1528253137,NULL),(1877,42,169,495,1528253147,NULL),(1878,42,170,498,1528253157,NULL),(1879,42,171,501,1528253167,NULL),(1880,42,172,506,1528253177,NULL),(1881,42,173,508,1528253187,NULL),(1882,42,174,512,1528253197,NULL),(1883,42,175,514,1528253207,NULL),(1884,42,176,517,1528253217,NULL),(1885,42,177,520,1528253227,NULL),(1886,42,178,522,1528253237,NULL),(1887,42,179,527,1528253247,NULL),(1888,42,180,528,1528253257,NULL),(1889,42,181,531,1528253267,NULL),(1890,42,182,534,1528253277,NULL),(1891,43,10,27,1528252687,NULL),(1892,43,11,30,1528252697,NULL),(1893,43,13,35,1528252707,NULL),(1894,43,14,38,1528252717,NULL),(1895,43,15,42,1528252727,NULL),(1896,43,16,44,1528252737,NULL),(1897,43,19,53,1528252747,NULL),(1898,43,20,54,1528252757,NULL),(1899,43,21,59,1528252767,NULL),(1900,43,22,60,1528252777,NULL),(1901,43,133,388,1528252787,NULL),(1902,43,134,392,1528252797,NULL),(1903,43,135,394,1528252807,NULL),(1904,43,136,398,1528252817,NULL),(1905,43,137,399,1528252827,NULL),(1906,43,138,403,1528252837,NULL),(1907,43,139,405,1528252847,NULL),(1908,43,140,410,1528252857,NULL),(1909,43,141,411,1528252867,NULL),(1910,43,142,414,1528252877,NULL),(1911,43,143,418,1528252887,NULL),(1912,43,144,421,1528252897,NULL),(1913,43,145,424,1528252907,NULL),(1914,43,146,426,1528252917,NULL),(1915,43,147,430,1528252927,NULL),(1916,43,148,434,1528252937,NULL),(1917,43,149,435,1528252947,NULL),(1918,43,150,440,1528252957,NULL),(1919,43,151,441,1528252967,NULL),(1920,43,152,445,1528252977,NULL),(1921,43,153,449,1528252987,NULL),(1922,43,154,451,1528252997,NULL),(1923,43,155,454,1528253007,NULL),(1924,43,156,457,1528253017,NULL),(1925,43,157,460,1528253027,NULL),(1926,43,158,462,1528253037,NULL),(1927,43,159,466,1528253047,NULL),(1928,43,160,470,1528253057,NULL),(1929,43,161,471,1528253067,NULL),(1930,43,162,474,1528253077,NULL),(1931,43,163,477,1528253087,NULL),(1932,43,164,480,1528253097,NULL),(1933,43,165,485,1528253107,NULL),(1934,43,166,486,1528253117,NULL),(1935,43,167,490,1528253127,NULL),(1936,43,168,492,1528253137,NULL),(1937,43,169,495,1528253147,NULL),(1938,43,170,498,1528253157,NULL),(1939,43,171,503,1528253167,NULL),(1940,43,172,505,1528253177,NULL),(1941,43,173,507,1528253187,NULL),(1942,43,174,510,1528253197,NULL),(1943,43,175,513,1528253207,NULL),(1944,43,176,517,1528253217,NULL),(1945,43,177,519,1528253227,NULL),(1946,43,178,522,1528253237,NULL),(1947,43,179,527,1528253247,NULL),(1948,43,180,530,1528253257,NULL),(1949,43,181,532,1528253267,NULL),(1950,43,182,534,1528253277,NULL),(1951,44,10,28,1528252687,NULL),(1952,44,11,29,1528252697,NULL),(1953,44,13,36,1528252707,NULL),(1954,44,14,40,1528252717,NULL),(1955,44,15,42,1528252727,NULL),(1956,44,16,45,1528252737,NULL),(1957,44,19,52,1528252747,NULL),(1958,44,20,54,1528252757,NULL),(1959,44,21,59,1528252767,NULL),(1960,44,22,61,1528252777,NULL),(1961,44,133,389,1528252787,NULL),(1962,44,134,390,1528252797,NULL),(1963,44,135,394,1528252807,NULL),(1964,44,136,397,1528252817,NULL),(1965,44,137,401,1528252827,NULL),(1966,44,138,403,1528252837,NULL),(1967,44,139,405,1528252847,NULL),(1968,44,140,409,1528252857,NULL),(1969,44,141,412,1528252867,NULL),(1970,44,142,414,1528252877,NULL),(1971,44,143,418,1528252887,NULL),(1972,44,144,422,1528252897,NULL),(1973,44,145,423,1528252907,NULL),(1974,44,146,428,1528252917,NULL),(1975,44,147,429,1528252927,NULL),(1976,44,148,434,1528252937,NULL),(1977,44,149,437,1528252947,NULL),(1978,44,150,440,1528252957,NULL),(1979,44,151,441,1528252967,NULL),(1980,44,152,444,1528252977,NULL),(1981,44,153,449,1528252987,NULL),(1982,44,154,450,1528252997,NULL),(1983,44,155,453,1528253007,NULL),(1984,44,156,456,1528253017,NULL),(1985,44,157,459,1528253027,NULL),(1986,44,158,464,1528253037,NULL),(1987,44,159,465,1528253047,NULL),(1988,44,160,470,1528253057,NULL),(1989,44,161,471,1528253067,NULL),(1990,44,162,474,1528253077,NULL),(1991,44,163,478,1528253087,NULL),(1992,44,164,482,1528253097,NULL),(1993,44,165,484,1528253107,NULL),(1994,44,166,487,1528253117,NULL),(1995,44,167,489,1528253127,NULL),(1996,44,168,494,1528253137,NULL),(1997,44,169,496,1528253147,NULL),(1998,44,170,499,1528253157,NULL),(1999,44,171,503,1528253167,NULL),(2000,44,172,504,1528253177,NULL),(2001,44,173,507,1528253187,NULL),(2002,44,174,510,1528253197,NULL),(2003,44,175,515,1528253207,NULL),(2004,44,176,518,1528253217,NULL),(2005,44,177,521,1528253227,NULL),(2006,44,178,523,1528253237,NULL),(2007,44,179,526,1528253247,NULL),(2008,44,180,528,1528253257,NULL),(2009,44,181,531,1528253267,NULL),(2010,44,182,533,1528253277,NULL),(2011,45,10,27,1528252687,NULL),(2012,45,11,31,1528252697,NULL),(2013,45,13,36,1528252707,NULL),(2014,45,14,38,1528252717,NULL),(2015,45,15,43,1528252727,NULL),(2016,45,16,46,1528252737,NULL),(2017,45,19,53,1528252747,NULL),(2018,45,20,55,1528252757,NULL),(2019,45,21,57,1528252767,NULL),(2020,45,22,60,1528252777,NULL),(2021,45,133,389,1528252787,NULL),(2022,45,134,392,1528252797,NULL),(2023,45,135,394,1528252807,NULL),(2024,45,136,396,1528252817,NULL),(2025,45,137,399,1528252827,NULL),(2026,45,138,404,1528252837,NULL),(2027,45,139,405,1528252847,NULL),(2028,45,140,409,1528252857,NULL),(2029,45,141,411,1528252867,NULL),(2030,45,142,414,1528252877,NULL),(2031,45,143,419,1528252887,NULL),(2032,45,144,421,1528252897,NULL),(2033,45,145,424,1528252907,NULL),(2034,45,146,426,1528252917,NULL),(2035,45,147,430,1528252927,NULL),(2036,45,148,434,1528252937,NULL),(2037,45,149,436,1528252947,NULL),(2038,45,150,438,1528252957,NULL),(2039,45,151,441,1528252967,NULL),(2040,45,152,445,1528252977,NULL),(2041,45,153,448,1528252987,NULL),(2042,45,154,452,1528252997,NULL),(2043,45,155,454,1528253007,NULL),(2044,45,156,456,1528253017,NULL),(2045,45,157,459,1528253027,NULL),(2046,45,158,463,1528253037,NULL),(2047,45,159,465,1528253047,NULL),(2048,45,160,470,1528253057,NULL),(2049,45,161,471,1528253067,NULL),(2050,45,162,474,1528253077,NULL),(2051,45,163,477,1528253087,NULL),(2052,45,164,480,1528253097,NULL),(2053,45,165,484,1528253107,NULL),(2054,45,166,486,1528253117,NULL),(2055,45,167,490,1528253127,NULL),(2056,45,168,493,1528253137,NULL),(2057,45,169,495,1528253147,NULL),(2058,45,170,499,1528253157,NULL),(2059,45,171,502,1528253167,NULL),(2060,45,172,505,1528253177,NULL),(2061,45,173,508,1528253187,NULL),(2062,45,174,511,1528253197,NULL),(2063,45,175,515,1528253207,NULL),(2064,45,176,516,1528253217,NULL),(2065,45,177,519,1528253227,NULL),(2066,45,178,524,1528253237,NULL),(2067,45,179,527,1528253247,NULL),(2068,45,180,529,1528253257,NULL),(2069,45,181,532,1528253267,NULL),(2070,45,182,534,1528253277,NULL),(2071,46,10,27,1528252687,NULL),(2072,46,11,29,1528252697,NULL),(2073,46,13,36,1528252707,NULL),(2074,46,14,38,1528252717,NULL),(2075,46,15,41,1528252727,NULL),(2076,46,16,44,1528252737,NULL),(2077,46,19,52,1528252747,NULL),(2078,46,20,55,1528252757,NULL),(2079,46,21,57,1528252767,NULL),(2080,46,22,61,1528252777,NULL),(2081,46,133,387,1528252787,NULL),(2082,46,134,391,1528252797,NULL),(2083,46,135,395,1528252807,NULL),(2084,46,136,396,1528252817,NULL),(2085,46,137,400,1528252827,NULL),(2086,46,138,404,1528252837,NULL),(2087,46,139,407,1528252847,NULL),(2088,46,140,408,1528252857,NULL),(2089,46,141,412,1528252867,NULL),(2090,46,142,416,1528252877,NULL),(2091,46,143,419,1528252887,NULL),(2092,46,144,420,1528252897,NULL),(2093,46,145,423,1528252907,NULL),(2094,46,146,426,1528252917,NULL),(2095,46,147,430,1528252927,NULL),(2096,46,148,432,1528252937,NULL),(2097,46,149,436,1528252947,NULL),(2098,46,150,440,1528252957,NULL),(2099,46,151,442,1528252967,NULL),(2100,46,152,444,1528252977,NULL),(2101,46,153,447,1528252987,NULL),(2102,46,154,452,1528252997,NULL),(2103,46,155,455,1528253007,NULL),(2104,46,156,458,1528253017,NULL),(2105,46,157,459,1528253027,NULL),(2106,46,158,462,1528253037,NULL),(2107,46,159,466,1528253047,NULL),(2108,46,160,468,1528253057,NULL),(2109,46,161,473,1528253067,NULL),(2110,46,162,476,1528253077,NULL),(2111,46,163,479,1528253087,NULL),(2112,46,164,480,1528253097,NULL),(2113,46,165,484,1528253107,NULL),(2114,46,166,486,1528253117,NULL),(2115,46,167,491,1528253127,NULL),(2116,46,168,493,1528253137,NULL),(2117,46,169,495,1528253147,NULL),(2118,46,170,500,1528253157,NULL),(2119,46,171,501,1528253167,NULL),(2120,46,172,506,1528253177,NULL),(2121,46,173,509,1528253187,NULL),(2122,46,174,510,1528253197,NULL),(2123,46,175,513,1528253207,NULL),(2124,46,176,518,1528253217,NULL),(2125,46,177,519,1528253227,NULL),(2126,46,178,523,1528253237,NULL),(2127,46,179,526,1528253247,NULL),(2128,46,180,529,1528253257,NULL),(2129,46,181,531,1528253267,NULL),(2130,46,182,534,1528253277,NULL),(2131,47,10,27,1528252687,NULL),(2132,47,11,31,1528252697,NULL),(2133,47,13,37,1528252707,NULL),(2134,47,14,40,1528252717,NULL),(2135,47,15,41,1528252727,NULL),(2136,47,16,46,1528252737,NULL),(2137,47,19,53,1528252747,NULL),(2138,47,20,56,1528252757,NULL),(2139,47,21,58,1528252767,NULL),(2140,47,22,60,1528252777,NULL),(2141,47,133,387,1528252787,NULL),(2142,47,134,390,1528252797,NULL),(2143,47,135,393,1528252807,NULL),(2144,47,136,396,1528252817,NULL),(2145,47,137,400,1528252827,NULL),(2146,47,138,404,1528252837,NULL),(2147,47,139,406,1528252847,NULL),(2148,47,140,409,1528252857,NULL),(2149,47,141,412,1528252867,NULL),(2150,47,142,415,1528252877,NULL),(2151,47,143,419,1528252887,NULL),(2152,47,144,420,1528252897,NULL),(2153,47,145,424,1528252907,NULL),(2154,47,146,427,1528252917,NULL),(2155,47,147,429,1528252927,NULL),(2156,47,148,433,1528252937,NULL),(2157,47,149,436,1528252947,NULL),(2158,47,150,440,1528252957,NULL),(2159,47,151,443,1528252967,NULL),(2160,47,152,445,1528252977,NULL),(2161,47,153,448,1528252987,NULL),(2162,47,154,450,1528252997,NULL),(2163,47,155,455,1528253007,NULL),(2164,47,156,457,1528253017,NULL),(2165,47,157,459,1528253027,NULL),(2166,47,158,464,1528253037,NULL),(2167,47,159,467,1528253047,NULL),(2168,47,160,468,1528253057,NULL),(2169,47,161,472,1528253067,NULL),(2170,47,162,474,1528253077,NULL),(2171,47,163,479,1528253087,NULL),(2172,47,164,481,1528253097,NULL),(2173,47,165,485,1528253107,NULL),(2174,47,166,486,1528253117,NULL),(2175,47,167,489,1528253127,NULL),(2176,47,168,494,1528253137,NULL),(2177,47,169,497,1528253147,NULL),(2178,47,170,499,1528253157,NULL),(2179,47,171,503,1528253167,NULL),(2180,47,172,504,1528253177,NULL),(2181,47,173,508,1528253187,NULL),(2182,47,174,510,1528253197,NULL),(2183,47,175,513,1528253207,NULL),(2184,47,176,516,1528253217,NULL),(2185,47,177,519,1528253227,NULL),(2186,47,178,523,1528253237,NULL),(2187,47,179,525,1528253247,NULL),(2188,47,180,529,1528253257,NULL),(2189,47,181,532,1528253267,NULL),(2190,47,182,534,1528253277,NULL),(2191,48,10,28,1528252687,NULL),(2192,48,11,31,1528252697,NULL),(2193,48,13,35,1528252707,NULL),(2194,48,14,39,1528252717,NULL),(2195,48,15,41,1528252727,NULL),(2196,48,16,45,1528252737,NULL),(2197,48,19,52,1528252747,NULL),(2198,48,20,54,1528252757,NULL),(2199,48,21,57,1528252767,NULL),(2200,48,22,61,1528252777,NULL),(2201,48,133,389,1528252787,NULL),(2202,48,134,391,1528252797,NULL),(2203,48,135,394,1528252807,NULL),(2204,48,136,398,1528252817,NULL),(2205,48,137,401,1528252827,NULL),(2206,48,138,402,1528252837,NULL),(2207,48,139,405,1528252847,NULL),(2208,48,140,408,1528252857,NULL),(2209,48,141,411,1528252867,NULL),(2210,48,142,415,1528252877,NULL),(2211,48,143,418,1528252887,NULL),(2212,48,144,420,1528252897,NULL),(2213,48,145,423,1528252907,NULL),(2214,48,146,426,1528252917,NULL),(2215,48,147,429,1528252927,NULL),(2216,48,148,432,1528252937,NULL),(2217,48,149,436,1528252947,NULL),(2218,48,150,438,1528252957,NULL),(2219,48,151,443,1528252967,NULL),(2220,48,152,444,1528252977,NULL),(2221,48,153,447,1528252987,NULL),(2222,48,154,451,1528252997,NULL),(2223,48,155,455,1528253007,NULL),(2224,48,156,457,1528253017,NULL),(2225,48,157,461,1528253027,NULL),(2226,48,158,464,1528253037,NULL),(2227,48,159,465,1528253047,NULL),(2228,48,160,470,1528253057,NULL),(2229,48,161,473,1528253067,NULL),(2230,48,162,476,1528253077,NULL),(2231,48,163,478,1528253087,NULL),(2232,48,164,482,1528253097,NULL),(2233,48,165,483,1528253107,NULL),(2234,48,166,486,1528253117,NULL),(2235,48,167,491,1528253127,NULL),(2236,48,168,494,1528253137,NULL),(2237,48,169,495,1528253147,NULL),(2238,48,170,499,1528253157,NULL),(2239,48,171,503,1528253167,NULL),(2240,48,172,505,1528253177,NULL),(2241,48,173,507,1528253187,NULL),(2242,48,174,510,1528253197,NULL),(2243,48,175,515,1528253207,NULL),(2244,48,176,518,1528253217,NULL),(2245,48,177,521,1528253227,NULL),(2246,48,178,523,1528253237,NULL),(2247,48,179,526,1528253247,NULL),(2248,48,180,530,1528253257,NULL),(2249,48,181,531,1528253267,NULL),(2250,48,182,533,1528253277,NULL),(2251,49,10,28,1528252687,NULL),(2252,49,11,31,1528252697,NULL),(2253,49,13,35,1528252707,NULL),(2254,49,14,40,1528252717,NULL),(2255,49,15,41,1528252727,NULL),(2256,49,16,44,1528252737,NULL),(2257,49,19,52,1528252747,NULL),(2258,49,20,54,1528252757,NULL),(2259,49,21,57,1528252767,NULL),(2260,49,22,60,1528252777,NULL),(2261,49,133,387,1528252787,NULL),(2262,49,134,392,1528252797,NULL),(2263,49,135,393,1528252807,NULL),(2264,49,136,397,1528252817,NULL),(2265,49,137,401,1528252827,NULL),(2266,49,138,404,1528252837,NULL),(2267,49,139,406,1528252847,NULL),(2268,49,140,409,1528252857,NULL),(2269,49,141,411,1528252867,NULL),(2270,49,142,415,1528252877,NULL),(2271,49,143,417,1528252887,NULL),(2272,49,144,422,1528252897,NULL),(2273,49,145,425,1528252907,NULL),(2274,49,146,426,1528252917,NULL),(2275,49,147,430,1528252927,NULL),(2276,49,148,432,1528252937,NULL),(2277,49,149,435,1528252947,NULL),(2278,49,150,438,1528252957,NULL),(2279,49,151,442,1528252967,NULL),(2280,49,152,445,1528252977,NULL),(2281,49,153,448,1528252987,NULL),(2282,49,154,450,1528252997,NULL),(2283,49,155,453,1528253007,NULL),(2284,49,156,458,1528253017,NULL),(2285,49,157,460,1528253027,NULL),(2286,49,158,463,1528253037,NULL),(2287,49,159,465,1528253047,NULL),(2288,49,160,468,1528253057,NULL),(2289,49,161,472,1528253067,NULL),(2290,49,162,475,1528253077,NULL),(2291,49,163,479,1528253087,NULL),(2292,49,164,482,1528253097,NULL),(2293,49,165,483,1528253107,NULL),(2294,49,166,488,1528253117,NULL),(2295,49,167,491,1528253127,NULL),(2296,49,168,493,1528253137,NULL),(2297,49,169,496,1528253147,NULL),(2298,49,170,500,1528253157,NULL),(2299,49,171,503,1528253167,NULL),(2300,49,172,505,1528253177,NULL),(2301,49,173,508,1528253187,NULL),(2302,49,174,511,1528253197,NULL),(2303,49,175,515,1528253207,NULL),(2304,49,176,517,1528253217,NULL),(2305,49,177,520,1528253227,NULL),(2306,49,178,522,1528253237,NULL),(2307,49,179,527,1528253247,NULL),(2308,49,180,528,1528253257,NULL),(2309,49,181,531,1528253267,NULL),(2310,49,182,533,1528253277,NULL),(2311,50,10,28,1528252687,NULL),(2312,50,11,31,1528252697,NULL),(2313,50,13,35,1528252707,NULL),(2314,50,14,39,1528252717,NULL),(2315,50,15,42,1528252727,NULL),(2316,50,16,45,1528252737,NULL),(2317,50,19,52,1528252747,NULL),(2318,50,20,54,1528252757,NULL),(2319,50,21,59,1528252767,NULL),(2320,50,22,60,1528252777,NULL),(2321,50,133,389,1528252787,NULL),(2322,50,134,390,1528252797,NULL),(2323,50,135,395,1528252807,NULL),(2324,50,136,396,1528252817,NULL),(2325,50,137,400,1528252827,NULL),(2326,50,138,404,1528252837,NULL),(2327,50,139,405,1528252847,NULL),(2328,50,140,408,1528252857,NULL),(2329,50,141,412,1528252867,NULL),(2330,50,142,414,1528252877,NULL),(2331,50,143,417,1528252887,NULL),(2332,50,144,422,1528252897,NULL),(2333,50,145,423,1528252907,NULL),(2334,50,146,427,1528252917,NULL),(2335,50,147,431,1528252927,NULL),(2336,50,148,433,1528252937,NULL),(2337,50,149,436,1528252947,NULL),(2338,50,150,438,1528252957,NULL),(2339,50,151,442,1528252967,NULL),(2340,50,152,445,1528252977,NULL),(2341,50,153,449,1528252987,NULL),(2342,50,154,451,1528252997,NULL),(2343,50,155,454,1528253007,NULL),(2344,50,156,457,1528253017,NULL),(2345,50,157,461,1528253027,NULL),(2346,50,158,463,1528253037,NULL),(2347,50,159,465,1528253047,NULL),(2348,50,160,468,1528253057,NULL),(2349,50,161,472,1528253067,NULL),(2350,50,162,474,1528253077,NULL),(2351,50,163,477,1528253087,NULL),(2352,50,164,480,1528253097,NULL),(2353,50,165,485,1528253107,NULL),(2354,50,166,488,1528253117,NULL),(2355,50,167,489,1528253127,NULL),(2356,50,168,494,1528253137,NULL),(2357,50,169,495,1528253147,NULL),(2358,50,170,500,1528253157,NULL),(2359,50,171,503,1528253167,NULL),(2360,50,172,506,1528253177,NULL),(2361,50,173,509,1528253187,NULL),(2362,50,174,512,1528253197,NULL),(2363,50,175,514,1528253207,NULL),(2364,50,176,518,1528253217,NULL),(2365,50,177,519,1528253227,NULL),(2366,50,178,522,1528253237,NULL),(2367,50,179,527,1528253247,NULL),(2368,50,180,530,1528253257,NULL),(2369,50,181,532,1528253267,NULL),(2370,50,182,534,1528253277,NULL),(2371,51,10,28,1528252687,NULL),(2372,51,11,31,1528252697,NULL),(2373,51,13,35,1528252707,NULL),(2374,51,14,38,1528252717,NULL),(2375,51,15,43,1528252727,NULL),(2376,51,16,46,1528252737,NULL),(2377,51,19,53,1528252747,NULL),(2378,51,20,54,1528252757,NULL),(2379,51,21,59,1528252767,NULL),(2380,51,22,62,1528252777,NULL),(2381,51,133,389,1528252787,NULL),(2382,51,134,391,1528252797,NULL),(2383,51,135,394,1528252807,NULL),(2384,51,136,397,1528252817,NULL),(2385,51,137,401,1528252827,NULL),(2386,51,138,403,1528252837,NULL),(2387,51,139,405,1528252847,NULL),(2388,51,140,409,1528252857,NULL),(2389,51,141,412,1528252867,NULL),(2390,51,142,416,1528252877,NULL),(2391,51,143,419,1528252887,NULL),(2392,51,144,421,1528252897,NULL),(2393,51,145,423,1528252907,NULL),(2394,51,146,426,1528252917,NULL),(2395,51,147,430,1528252927,NULL),(2396,51,148,434,1528252937,NULL),(2397,51,149,436,1528252947,NULL),(2398,51,150,439,1528252957,NULL),(2399,51,151,442,1528252967,NULL),(2400,51,152,446,1528252977,NULL),(2401,51,153,448,1528252987,NULL),(2402,51,154,450,1528252997,NULL),(2403,51,155,454,1528253007,NULL),(2404,51,156,458,1528253017,NULL),(2405,51,157,460,1528253027,NULL),(2406,51,158,462,1528253037,NULL),(2407,51,159,465,1528253047,NULL),(2408,51,160,470,1528253057,NULL),(2409,51,161,473,1528253067,NULL),(2410,51,162,476,1528253077,NULL),(2411,51,163,477,1528253087,NULL),(2412,51,164,480,1528253097,NULL),(2413,51,165,485,1528253107,NULL),(2414,51,166,486,1528253117,NULL),(2415,51,167,491,1528253127,NULL),(2416,51,168,494,1528253137,NULL),(2417,51,169,496,1528253147,NULL),(2418,51,170,500,1528253157,NULL),(2419,51,171,501,1528253167,NULL),(2420,51,172,504,1528253177,NULL),(2421,51,173,507,1528253187,NULL),(2422,51,174,511,1528253197,NULL),(2423,51,175,514,1528253207,NULL),(2424,51,176,517,1528253217,NULL),(2425,51,177,519,1528253227,NULL),(2426,51,178,523,1528253237,NULL),(2427,51,179,526,1528253247,NULL),(2428,51,180,530,1528253257,NULL),(2429,51,181,531,1528253267,NULL),(2430,51,182,533,1528253277,NULL),(2431,52,10,28,1528252687,NULL),(2432,52,11,29,1528252697,NULL),(2433,52,13,36,1528252707,NULL),(2434,52,14,39,1528252717,NULL),(2435,52,15,41,1528252727,NULL),(2436,52,16,44,1528252737,NULL),(2437,52,19,53,1528252747,NULL),(2438,52,20,56,1528252757,NULL),(2439,52,21,57,1528252767,NULL),(2440,52,22,61,1528252777,NULL),(2441,52,133,389,1528252787,NULL),(2442,52,134,392,1528252797,NULL),(2443,52,135,394,1528252807,NULL),(2444,52,136,397,1528252817,NULL),(2445,52,137,401,1528252827,NULL),(2446,52,138,403,1528252837,NULL),(2447,52,139,405,1528252847,NULL),(2448,52,140,409,1528252857,NULL),(2449,52,141,413,1528252867,NULL),(2450,52,142,416,1528252877,NULL),(2451,52,143,417,1528252887,NULL),(2452,52,144,421,1528252897,NULL),(2453,52,145,423,1528252907,NULL),(2454,52,146,428,1528252917,NULL),(2455,52,147,430,1528252927,NULL),(2456,52,148,433,1528252937,NULL),(2457,52,149,436,1528252947,NULL),(2458,52,150,438,1528252957,NULL),(2459,52,151,443,1528252967,NULL),(2460,52,152,446,1528252977,NULL),(2461,52,153,448,1528252987,NULL),(2462,52,154,451,1528252997,NULL),(2463,52,155,453,1528253007,NULL),(2464,52,156,456,1528253017,NULL),(2465,52,157,459,1528253027,NULL),(2466,52,158,464,1528253037,NULL),(2467,52,159,467,1528253047,NULL),(2468,52,160,468,1528253057,NULL),(2469,52,161,471,1528253067,NULL),(2470,52,162,476,1528253077,NULL),(2471,52,163,479,1528253087,NULL),(2472,52,164,480,1528253097,NULL),(2473,52,165,484,1528253107,NULL),(2474,52,166,487,1528253117,NULL),(2475,52,167,491,1528253127,NULL),(2476,52,168,493,1528253137,NULL),(2477,52,169,496,1528253147,NULL),(2478,52,170,500,1528253157,NULL),(2479,52,171,502,1528253167,NULL),(2480,52,172,505,1528253177,NULL),(2481,52,173,507,1528253187,NULL),(2482,52,174,510,1528253197,NULL),(2483,52,175,514,1528253207,NULL),(2484,52,176,516,1528253217,NULL),(2485,52,177,520,1528253227,NULL),(2486,52,178,524,1528253237,NULL),(2487,52,179,526,1528253247,NULL),(2488,52,180,529,1528253257,NULL),(2489,52,181,531,1528253267,NULL),(2490,52,182,534,1528253277,NULL),(2491,53,10,27,1528252687,NULL),(2492,53,11,31,1528252697,NULL),(2493,53,13,37,1528252707,NULL),(2494,53,14,40,1528252717,NULL),(2495,53,15,41,1528252727,NULL),(2496,53,16,45,1528252737,NULL),(2497,53,19,53,1528252747,NULL),(2498,53,20,55,1528252757,NULL),(2499,53,21,59,1528252767,NULL),(2500,53,22,62,1528252777,NULL),(2501,53,133,388,1528252787,NULL),(2502,53,134,392,1528252797,NULL),(2503,53,135,393,1528252807,NULL),(2504,53,136,397,1528252817,NULL),(2505,53,137,400,1528252827,NULL),(2506,53,138,403,1528252837,NULL),(2507,53,139,407,1528252847,NULL),(2508,53,140,410,1528252857,NULL),(2509,53,141,413,1528252867,NULL),(2510,53,142,416,1528252877,NULL),(2511,53,143,418,1528252887,NULL),(2512,53,144,420,1528252897,NULL),(2513,53,145,425,1528252907,NULL),(2514,53,146,426,1528252917,NULL),(2515,53,147,429,1528252927,NULL),(2516,53,148,432,1528252937,NULL),(2517,53,149,435,1528252947,NULL),(2518,53,150,438,1528252957,NULL),(2519,53,151,441,1528252967,NULL),(2520,53,152,444,1528252977,NULL),(2521,53,153,449,1528252987,NULL),(2522,53,154,450,1528252997,NULL),(2523,53,155,454,1528253007,NULL),(2524,53,156,456,1528253017,NULL),(2525,53,157,460,1528253027,NULL),(2526,53,158,463,1528253037,NULL),(2527,53,159,466,1528253047,NULL),(2528,53,160,470,1528253057,NULL),(2529,53,161,472,1528253067,NULL),(2530,53,162,474,1528253077,NULL),(2531,53,163,478,1528253087,NULL),(2532,53,164,481,1528253097,NULL),(2533,53,165,483,1528253107,NULL),(2534,53,166,487,1528253117,NULL),(2535,53,167,489,1528253127,NULL),(2536,53,168,494,1528253137,NULL),(2537,53,169,495,1528253147,NULL),(2538,53,170,500,1528253157,NULL),(2539,53,171,502,1528253167,NULL),(2540,53,172,506,1528253177,NULL),(2541,53,173,509,1528253187,NULL),(2542,53,174,510,1528253197,NULL),(2543,53,175,515,1528253207,NULL),(2544,53,176,517,1528253217,NULL),(2545,53,177,519,1528253227,NULL),(2546,53,178,524,1528253237,NULL),(2547,53,179,525,1528253247,NULL),(2548,53,180,529,1528253257,NULL),(2549,53,181,532,1528253267,NULL),(2550,53,182,533,1528253277,NULL),(2551,54,10,28,1528252687,NULL),(2552,54,11,31,1528252697,NULL),(2553,54,13,36,1528252707,NULL),(2554,54,14,38,1528252717,NULL),(2555,54,15,41,1528252727,NULL),(2556,54,16,44,1528252737,NULL),(2557,54,19,52,1528252747,NULL),(2558,54,20,56,1528252757,NULL),(2559,54,21,59,1528252767,NULL),(2560,54,22,62,1528252777,NULL),(2561,54,133,389,1528252787,NULL),(2562,54,134,391,1528252797,NULL),(2563,54,135,394,1528252807,NULL),(2564,54,136,398,1528252817,NULL),(2565,54,137,400,1528252827,NULL),(2566,54,138,404,1528252837,NULL),(2567,54,139,405,1528252847,NULL),(2568,54,140,408,1528252857,NULL),(2569,54,141,412,1528252867,NULL),(2570,54,142,414,1528252877,NULL),(2571,54,143,419,1528252887,NULL),(2572,54,144,421,1528252897,NULL),(2573,54,145,424,1528252907,NULL),(2574,54,146,426,1528252917,NULL),(2575,54,147,430,1528252927,NULL),(2576,54,148,432,1528252937,NULL),(2577,54,149,435,1528252947,NULL),(2578,54,150,438,1528252957,NULL),(2579,54,151,443,1528252967,NULL),(2580,54,152,446,1528252977,NULL),(2581,54,153,448,1528252987,NULL),(2582,54,154,452,1528252997,NULL),(2583,54,155,453,1528253007,NULL),(2584,54,156,458,1528253017,NULL),(2585,54,157,459,1528253027,NULL),(2586,54,158,462,1528253037,NULL),(2587,54,159,467,1528253047,NULL),(2588,54,160,469,1528253057,NULL),(2589,54,161,471,1528253067,NULL),(2590,54,162,476,1528253077,NULL),(2591,54,163,479,1528253087,NULL),(2592,54,164,481,1528253097,NULL),(2593,54,165,483,1528253107,NULL),(2594,54,166,486,1528253117,NULL),(2595,54,167,491,1528253127,NULL),(2596,54,168,492,1528253137,NULL),(2597,54,169,496,1528253147,NULL),(2598,54,170,499,1528253157,NULL),(2599,54,171,502,1528253167,NULL),(2600,54,172,505,1528253177,NULL),(2601,54,173,508,1528253187,NULL),(2602,54,174,511,1528253197,NULL),(2603,54,175,513,1528253207,NULL),(2604,54,176,517,1528253217,NULL),(2605,54,177,521,1528253227,NULL),(2606,54,178,523,1528253237,NULL),(2607,54,179,527,1528253247,NULL),(2608,54,180,528,1528253257,NULL),(2609,54,181,532,1528253267,NULL),(2610,54,182,534,1528253277,NULL),(2611,55,10,28,1528252687,NULL),(2612,55,11,30,1528252697,NULL),(2613,55,13,35,1528252707,NULL),(2614,55,14,39,1528252717,NULL),(2615,55,15,43,1528252727,NULL),(2616,55,16,46,1528252737,NULL),(2617,55,19,52,1528252747,NULL),(2618,55,20,54,1528252757,NULL),(2619,55,21,57,1528252767,NULL),(2620,55,22,62,1528252777,NULL),(2621,55,133,389,1528252787,NULL),(2622,55,134,391,1528252797,NULL),(2623,55,135,394,1528252807,NULL),(2624,55,136,397,1528252817,NULL),(2625,55,137,400,1528252827,NULL),(2626,55,138,403,1528252837,NULL),(2627,55,139,407,1528252847,NULL),(2628,55,140,409,1528252857,NULL),(2629,55,141,412,1528252867,NULL),(2630,55,142,416,1528252877,NULL),(2631,55,143,417,1528252887,NULL),(2632,55,144,421,1528252897,NULL),(2633,55,145,423,1528252907,NULL),(2634,55,146,428,1528252917,NULL),(2635,55,147,430,1528252927,NULL),(2636,55,148,434,1528252937,NULL),(2637,55,149,435,1528252947,NULL),(2638,55,150,440,1528252957,NULL),(2639,55,151,443,1528252967,NULL),(2640,55,152,445,1528252977,NULL),(2641,55,153,447,1528252987,NULL),(2642,55,154,450,1528252997,NULL),(2643,55,155,455,1528253007,NULL),(2644,55,156,456,1528253017,NULL),(2645,55,157,459,1528253027,NULL),(2646,55,158,462,1528253037,NULL),(2647,55,159,466,1528253047,NULL),(2648,55,160,468,1528253057,NULL),(2649,55,161,472,1528253067,NULL),(2650,55,162,476,1528253077,NULL),(2651,55,163,478,1528253087,NULL),(2652,55,164,482,1528253097,NULL),(2653,55,165,484,1528253107,NULL),(2654,55,166,487,1528253117,NULL),(2655,55,167,490,1528253127,NULL),(2656,55,168,493,1528253137,NULL),(2657,55,169,496,1528253147,NULL),(2658,55,170,498,1528253157,NULL),(2659,55,171,501,1528253167,NULL),(2660,55,172,506,1528253177,NULL),(2661,55,173,507,1528253187,NULL),(2662,55,174,510,1528253197,NULL),(2663,55,175,513,1528253207,NULL),(2664,55,176,517,1528253217,NULL),(2665,55,177,521,1528253227,NULL),(2666,55,178,523,1528253237,NULL),(2667,55,179,526,1528253247,NULL),(2668,55,180,529,1528253257,NULL),(2669,55,181,531,1528253267,NULL),(2670,55,182,534,1528253277,NULL),(2671,56,10,27,1528252687,NULL),(2672,56,11,30,1528252697,NULL),(2673,56,13,35,1528252707,NULL),(2674,56,14,40,1528252717,NULL),(2675,56,15,43,1528252727,NULL),(2676,56,16,46,1528252737,NULL),(2677,56,19,53,1528252747,NULL),(2678,56,20,54,1528252757,NULL),(2679,56,21,59,1528252767,NULL),(2680,56,22,60,1528252777,NULL),(2681,56,133,388,1528252787,NULL),(2682,56,134,390,1528252797,NULL),(2683,56,135,394,1528252807,NULL),(2684,56,136,397,1528252817,NULL),(2685,56,137,401,1528252827,NULL),(2686,56,138,404,1528252837,NULL),(2687,56,139,406,1528252847,NULL),(2688,56,140,409,1528252857,NULL),(2689,56,141,411,1528252867,NULL),(2690,56,142,414,1528252877,NULL),(2691,56,143,417,1528252887,NULL),(2692,56,144,420,1528252897,NULL),(2693,56,145,423,1528252907,NULL),(2694,56,146,427,1528252917,NULL),(2695,56,147,431,1528252927,NULL),(2696,56,148,433,1528252937,NULL),(2697,56,149,435,1528252947,NULL),(2698,56,150,438,1528252957,NULL),(2699,56,151,442,1528252967,NULL),(2700,56,152,444,1528252977,NULL),(2701,56,153,447,1528252987,NULL),(2702,56,154,452,1528252997,NULL),(2703,56,155,453,1528253007,NULL),(2704,56,156,456,1528253017,NULL),(2705,56,157,459,1528253027,NULL),(2706,56,158,463,1528253037,NULL),(2707,56,159,467,1528253047,NULL),(2708,56,160,469,1528253057,NULL),(2709,56,161,473,1528253067,NULL),(2710,56,162,476,1528253077,NULL),(2711,56,163,477,1528253087,NULL),(2712,56,164,482,1528253097,NULL),(2713,56,165,485,1528253107,NULL),(2714,56,166,487,1528253117,NULL),(2715,56,167,491,1528253127,NULL),(2716,56,168,492,1528253137,NULL),(2717,56,169,496,1528253147,NULL),(2718,56,170,498,1528253157,NULL),(2719,56,171,502,1528253167,NULL),(2720,56,172,505,1528253177,NULL),(2721,56,173,507,1528253187,NULL),(2722,56,174,510,1528253197,NULL),(2723,56,175,513,1528253207,NULL),(2724,56,176,517,1528253217,NULL),(2725,56,177,520,1528253227,NULL),(2726,56,178,523,1528253237,NULL),(2727,56,179,525,1528253247,NULL),(2728,56,180,529,1528253257,NULL),(2729,56,181,532,1528253267,NULL),(2730,56,182,533,1528253277,NULL),(2731,57,10,27,1528252687,NULL),(2732,57,11,29,1528252697,NULL),(2733,57,13,35,1528252707,NULL),(2734,57,14,39,1528252717,NULL),(2735,57,15,43,1528252727,NULL),(2736,57,16,45,1528252737,NULL),(2737,57,19,52,1528252747,NULL),(2738,57,20,55,1528252757,NULL),(2739,57,21,58,1528252767,NULL),(2740,57,22,60,1528252777,NULL),(2741,57,133,389,1528252787,NULL),(2742,57,134,391,1528252797,NULL),(2743,57,135,393,1528252807,NULL),(2744,57,136,398,1528252817,NULL),(2745,57,137,399,1528252827,NULL),(2746,57,138,402,1528252837,NULL),(2747,57,139,405,1528252847,NULL),(2748,57,140,410,1528252857,NULL),(2749,57,141,411,1528252867,NULL),(2750,57,142,416,1528252877,NULL),(2751,57,143,418,1528252887,NULL),(2752,57,144,422,1528252897,NULL),(2753,57,145,423,1528252907,NULL),(2754,57,146,427,1528252917,NULL),(2755,57,147,430,1528252927,NULL),(2756,57,148,434,1528252937,NULL),(2757,57,149,435,1528252947,NULL),(2758,57,150,438,1528252957,NULL),(2759,57,151,442,1528252967,NULL),(2760,57,152,444,1528252977,NULL),(2761,57,153,448,1528252987,NULL),(2762,57,154,452,1528252997,NULL),(2763,57,155,455,1528253007,NULL),(2764,57,156,456,1528253017,NULL),(2765,57,157,460,1528253027,NULL),(2766,57,158,464,1528253037,NULL),(2767,57,159,465,1528253047,NULL),(2768,57,160,470,1528253057,NULL),(2769,57,161,473,1528253067,NULL),(2770,57,162,474,1528253077,NULL),(2771,57,163,477,1528253087,NULL),(2772,57,164,482,1528253097,NULL),(2773,57,165,483,1528253107,NULL),(2774,57,166,487,1528253117,NULL),(2775,57,167,490,1528253127,NULL),(2776,57,168,494,1528253137,NULL),(2777,57,169,496,1528253147,NULL),(2778,57,170,500,1528253157,NULL),(2779,57,171,501,1528253167,NULL),(2780,57,172,505,1528253177,NULL),(2781,57,173,508,1528253187,NULL),(2782,57,174,511,1528253197,NULL),(2783,57,175,515,1528253207,NULL),(2784,57,176,517,1528253217,NULL),(2785,57,177,520,1528253227,NULL),(2786,57,178,522,1528253237,NULL),(2787,57,179,526,1528253247,NULL),(2788,57,180,530,1528253257,NULL),(2789,57,181,532,1528253267,NULL),(2790,57,182,533,1528253277,NULL),(2791,58,10,28,1528252687,NULL),(2792,58,11,31,1528252697,NULL),(2793,58,13,36,1528252707,NULL),(2794,58,14,38,1528252717,NULL),(2795,58,15,42,1528252727,NULL),(2796,58,16,45,1528252737,NULL),(2797,58,19,53,1528252747,NULL),(2798,58,20,55,1528252757,NULL),(2799,58,21,59,1528252767,NULL),(2800,58,22,60,1528252777,NULL),(2801,58,133,388,1528252787,NULL),(2802,58,134,391,1528252797,NULL),(2803,58,135,393,1528252807,NULL),(2804,58,136,397,1528252817,NULL),(2805,58,137,401,1528252827,NULL),(2806,58,138,403,1528252837,NULL),(2807,58,139,406,1528252847,NULL),(2808,58,140,410,1528252857,NULL),(2809,58,141,412,1528252867,NULL),(2810,58,142,415,1528252877,NULL),(2811,58,143,419,1528252887,NULL),(2812,58,144,421,1528252897,NULL),(2813,58,145,423,1528252907,NULL),(2814,58,146,428,1528252917,NULL),(2815,58,147,431,1528252927,NULL),(2816,58,148,432,1528252937,NULL),(2817,58,149,437,1528252947,NULL),(2818,58,150,439,1528252957,NULL),(2819,58,151,442,1528252967,NULL),(2820,58,152,444,1528252977,NULL),(2821,58,153,447,1528252987,NULL),(2822,58,154,450,1528252997,NULL),(2823,58,155,455,1528253007,NULL),(2824,58,156,458,1528253017,NULL),(2825,58,157,460,1528253027,NULL),(2826,58,158,464,1528253037,NULL),(2827,58,159,467,1528253047,NULL),(2828,58,160,468,1528253057,NULL),(2829,58,161,473,1528253067,NULL),(2830,58,162,475,1528253077,NULL),(2831,58,163,478,1528253087,NULL),(2832,58,164,480,1528253097,NULL),(2833,58,165,485,1528253107,NULL),(2834,58,166,487,1528253117,NULL),(2835,58,167,491,1528253127,NULL),(2836,58,168,493,1528253137,NULL),(2837,58,169,497,1528253147,NULL),(2838,58,170,500,1528253157,NULL),(2839,58,171,502,1528253167,NULL),(2840,58,172,504,1528253177,NULL),(2841,58,173,508,1528253187,NULL),(2842,58,174,510,1528253197,NULL),(2843,58,175,514,1528253207,NULL),(2844,58,176,517,1528253217,NULL),(2845,58,177,520,1528253227,NULL),(2846,58,178,522,1528253237,NULL),(2847,58,179,526,1528253247,NULL),(2848,58,180,528,1528253257,NULL),(2849,58,181,531,1528253267,NULL),(2850,58,182,534,1528253277,NULL),(2851,59,10,28,1528252688,NULL),(2852,59,11,30,1528252698,NULL),(2853,59,13,35,1528252708,NULL),(2854,59,14,40,1528252718,NULL),(2855,59,15,41,1528252728,NULL),(2856,59,16,44,1528252738,NULL),(2857,59,19,53,1528252748,NULL),(2858,59,20,54,1528252758,NULL),(2859,59,21,57,1528252768,NULL),(2860,59,22,61,1528252778,NULL),(2861,59,133,388,1528252788,NULL),(2862,59,134,391,1528252798,NULL),(2863,59,135,394,1528252808,NULL),(2864,59,136,397,1528252818,NULL),(2865,59,137,400,1528252828,NULL),(2866,59,138,404,1528252838,NULL),(2867,59,139,406,1528252848,NULL),(2868,59,140,409,1528252858,NULL),(2869,59,141,413,1528252868,NULL),(2870,59,142,415,1528252878,NULL),(2871,59,143,419,1528252888,NULL),(2872,59,144,421,1528252898,NULL),(2873,59,145,425,1528252908,NULL),(2874,59,146,426,1528252918,NULL),(2875,59,147,429,1528252928,NULL),(2876,59,148,432,1528252938,NULL),(2877,59,149,437,1528252948,NULL),(2878,59,150,438,1528252958,NULL),(2879,59,151,442,1528252968,NULL),(2880,59,152,446,1528252978,NULL),(2881,59,153,447,1528252988,NULL),(2882,59,154,451,1528252998,NULL),(2883,59,155,455,1528253008,NULL),(2884,59,156,456,1528253018,NULL),(2885,59,157,461,1528253028,NULL),(2886,59,158,462,1528253038,NULL),(2887,59,159,465,1528253048,NULL),(2888,59,160,469,1528253058,NULL),(2889,59,161,472,1528253068,NULL),(2890,59,162,475,1528253078,NULL),(2891,59,163,477,1528253088,NULL),(2892,59,164,481,1528253098,NULL),(2893,59,165,485,1528253108,NULL),(2894,59,166,487,1528253118,NULL),(2895,59,167,491,1528253128,NULL),(2896,59,168,492,1528253138,NULL),(2897,59,169,497,1528253148,NULL),(2898,59,170,499,1528253158,NULL),(2899,59,171,501,1528253168,NULL),(2900,59,172,506,1528253178,NULL),(2901,59,173,509,1528253188,NULL),(2902,59,174,512,1528253198,NULL),(2903,59,175,515,1528253208,NULL),(2904,59,176,518,1528253218,NULL),(2905,59,177,519,1528253228,NULL),(2906,59,178,523,1528253238,NULL),(2907,59,179,525,1528253248,NULL),(2908,59,180,528,1528253258,NULL),(2909,59,181,531,1528253268,NULL),(2910,59,182,533,1528253278,NULL),(2911,60,10,28,1528252688,NULL),(2912,60,11,30,1528252698,NULL),(2913,60,13,35,1528252708,NULL),(2914,60,14,40,1528252718,NULL),(2915,60,15,41,1528252728,NULL),(2916,60,16,45,1528252738,NULL),(2917,60,19,53,1528252748,NULL),(2918,60,20,56,1528252758,NULL),(2919,60,21,58,1528252768,NULL),(2920,60,22,60,1528252778,NULL),(2921,60,133,387,1528252788,NULL),(2922,60,134,392,1528252798,NULL),(2923,60,135,394,1528252808,NULL),(2924,60,136,397,1528252818,NULL),(2925,60,137,399,1528252828,NULL),(2926,60,138,403,1528252838,NULL),(2927,60,139,406,1528252848,NULL),(2928,60,140,409,1528252858,NULL),(2929,60,141,413,1528252868,NULL),(2930,60,142,415,1528252878,NULL),(2931,60,143,417,1528252888,NULL),(2932,60,144,420,1528252898,NULL),(2933,60,145,424,1528252908,NULL),(2934,60,146,427,1528252918,NULL),(2935,60,147,430,1528252928,NULL),(2936,60,148,433,1528252938,NULL),(2937,60,149,437,1528252948,NULL),(2938,60,150,440,1528252958,NULL),(2939,60,151,442,1528252968,NULL),(2940,60,152,444,1528252978,NULL),(2941,60,153,448,1528252988,NULL),(2942,60,154,452,1528252998,NULL),(2943,60,155,453,1528253008,NULL),(2944,60,156,457,1528253018,NULL),(2945,60,157,461,1528253028,NULL),(2946,60,158,464,1528253038,NULL),(2947,60,159,465,1528253048,NULL),(2948,60,160,470,1528253058,NULL),(2949,60,161,473,1528253068,NULL),(2950,60,162,476,1528253078,NULL),(2951,60,163,477,1528253088,NULL),(2952,60,164,480,1528253098,NULL),(2953,60,165,484,1528253108,NULL),(2954,60,166,487,1528253118,NULL),(2955,60,167,491,1528253128,NULL),(2956,60,168,493,1528253138,NULL),(2957,60,169,497,1528253148,NULL),(2958,60,170,498,1528253158,NULL),(2959,60,171,503,1528253168,NULL),(2960,60,172,504,1528253178,NULL),(2961,60,173,507,1528253188,NULL),(2962,60,174,512,1528253198,NULL),(2963,60,175,514,1528253208,NULL),(2964,60,176,518,1528253218,NULL),(2965,60,177,520,1528253228,NULL),(2966,60,178,522,1528253238,NULL),(2967,60,179,526,1528253248,NULL),(2968,60,180,528,1528253258,NULL),(2969,60,181,532,1528253268,NULL),(2970,60,182,533,1528253278,NULL),(2971,61,10,28,1528252688,NULL),(2972,61,11,31,1528252698,NULL),(2973,61,13,37,1528252708,NULL),(2974,61,14,40,1528252718,NULL),(2975,61,15,42,1528252728,NULL),(2976,61,16,46,1528252738,NULL),(2977,61,19,53,1528252748,NULL),(2978,61,20,55,1528252758,NULL),(2979,61,21,58,1528252768,NULL),(2980,61,22,62,1528252778,NULL),(2981,61,133,387,1528252788,NULL),(2982,61,134,391,1528252798,NULL),(2983,61,135,393,1528252808,NULL),(2984,61,136,398,1528252818,NULL),(2985,61,137,399,1528252828,NULL),(2986,61,138,404,1528252838,NULL),(2987,61,139,406,1528252848,NULL),(2988,61,140,408,1528252858,NULL),(2989,61,141,411,1528252868,NULL),(2990,61,142,414,1528252878,NULL),(2991,61,143,419,1528252888,NULL),(2992,61,144,421,1528252898,NULL),(2993,61,145,423,1528252908,NULL),(2994,61,146,427,1528252918,NULL),(2995,61,147,431,1528252928,NULL),(2996,61,148,433,1528252938,NULL),(2997,61,149,435,1528252948,NULL),(2998,61,150,438,1528252958,NULL),(2999,61,151,442,1528252968,NULL),(3000,61,152,446,1528252978,NULL),(3001,61,153,449,1528252988,NULL),(3002,61,154,450,1528252998,NULL),(3003,61,155,455,1528253008,NULL),(3004,61,156,457,1528253018,NULL),(3005,61,157,461,1528253028,NULL),(3006,61,158,462,1528253038,NULL),(3007,61,159,465,1528253048,NULL),(3008,61,160,470,1528253058,NULL),(3009,61,161,472,1528253068,NULL),(3010,61,162,474,1528253078,NULL),(3011,61,163,478,1528253088,NULL),(3012,61,164,482,1528253098,NULL),(3013,61,165,483,1528253108,NULL),(3014,61,166,488,1528253118,NULL),(3015,61,167,490,1528253128,NULL),(3016,61,168,493,1528253138,NULL),(3017,61,169,497,1528253148,NULL),(3018,61,170,499,1528253158,NULL),(3019,61,171,501,1528253168,NULL),(3020,61,172,505,1528253178,NULL),(3021,61,173,508,1528253188,NULL),(3022,61,174,512,1528253198,NULL),(3023,61,175,514,1528253208,NULL),(3024,61,176,516,1528253218,NULL),(3025,61,177,519,1528253228,NULL),(3026,61,178,522,1528253238,NULL),(3027,61,179,526,1528253248,NULL),(3028,61,180,528,1528253258,NULL),(3029,61,181,532,1528253268,NULL),(3030,61,182,533,1528253278,NULL),(3031,62,10,27,1528252688,NULL),(3032,62,11,31,1528252698,NULL),(3033,62,13,37,1528252708,NULL),(3034,62,14,40,1528252718,NULL),(3035,62,15,42,1528252728,NULL),(3036,62,16,45,1528252738,NULL),(3037,62,19,52,1528252748,NULL),(3038,62,20,54,1528252758,NULL),(3039,62,21,57,1528252768,NULL),(3040,62,22,61,1528252778,NULL),(3041,62,133,389,1528252788,NULL),(3042,62,134,392,1528252798,NULL),(3043,62,135,394,1528252808,NULL),(3044,62,136,398,1528252818,NULL),(3045,62,137,399,1528252828,NULL),(3046,62,138,404,1528252838,NULL),(3047,62,139,406,1528252848,NULL),(3048,62,140,408,1528252858,NULL),(3049,62,141,412,1528252868,NULL),(3050,62,142,416,1528252878,NULL),(3051,62,143,417,1528252888,NULL),(3052,62,144,420,1528252898,NULL),(3053,62,145,425,1528252908,NULL),(3054,62,146,427,1528252918,NULL),(3055,62,147,431,1528252928,NULL),(3056,62,148,432,1528252938,NULL),(3057,62,149,437,1528252948,NULL),(3058,62,150,440,1528252958,NULL),(3059,62,151,442,1528252968,NULL),(3060,62,152,444,1528252978,NULL),(3061,62,153,448,1528252988,NULL),(3062,62,154,450,1528252998,NULL),(3063,62,155,455,1528253008,NULL),(3064,62,156,456,1528253018,NULL),(3065,62,157,459,1528253028,NULL),(3066,62,158,463,1528253038,NULL),(3067,62,159,467,1528253048,NULL),(3068,62,160,469,1528253058,NULL),(3069,62,161,473,1528253068,NULL),(3070,62,162,474,1528253078,NULL),(3071,62,163,477,1528253088,NULL),(3072,62,164,481,1528253098,NULL),(3073,62,165,484,1528253108,NULL),(3074,62,166,486,1528253118,NULL),(3075,62,167,489,1528253128,NULL),(3076,62,168,494,1528253138,NULL),(3077,62,169,495,1528253148,NULL),(3078,62,170,499,1528253158,NULL),(3079,62,171,502,1528253168,NULL),(3080,62,172,505,1528253178,NULL),(3081,62,173,509,1528253188,NULL),(3082,62,174,512,1528253198,NULL),(3083,62,175,514,1528253208,NULL),(3084,62,176,518,1528253218,NULL),(3085,62,177,519,1528253228,NULL),(3086,62,178,522,1528253238,NULL),(3087,62,179,525,1528253248,NULL),(3088,62,180,530,1528253258,NULL),(3089,62,181,531,1528253268,NULL),(3090,62,182,534,1528253278,NULL),(3091,63,10,28,1528252688,NULL),(3092,63,11,31,1528252698,NULL),(3093,63,13,37,1528252708,NULL),(3094,63,14,39,1528252718,NULL),(3095,63,15,42,1528252728,NULL),(3096,63,16,44,1528252738,NULL),(3097,63,19,53,1528252748,NULL),(3098,63,20,55,1528252758,NULL),(3099,63,21,58,1528252768,NULL),(3100,63,22,61,1528252778,NULL),(3101,63,133,389,1528252788,NULL),(3102,63,134,391,1528252798,NULL),(3103,63,135,394,1528252808,NULL),(3104,63,136,398,1528252818,NULL),(3105,63,137,401,1528252828,NULL),(3106,63,138,404,1528252838,NULL),(3107,63,139,405,1528252848,NULL),(3108,63,140,408,1528252858,NULL),(3109,63,141,411,1528252868,NULL),(3110,63,142,416,1528252878,NULL),(3111,63,143,419,1528252888,NULL),(3112,63,144,422,1528252898,NULL),(3113,63,145,424,1528252908,NULL),(3114,63,146,428,1528252918,NULL),(3115,63,147,429,1528252928,NULL),(3116,63,148,434,1528252938,NULL),(3117,63,149,437,1528252948,NULL),(3118,63,150,439,1528252958,NULL),(3119,63,151,442,1528252968,NULL),(3120,63,152,445,1528252978,NULL),(3121,63,153,449,1528252988,NULL),(3122,63,154,450,1528252998,NULL),(3123,63,155,455,1528253008,NULL),(3124,63,156,458,1528253018,NULL),(3125,63,157,459,1528253028,NULL),(3126,63,158,464,1528253038,NULL),(3127,63,159,467,1528253048,NULL),(3128,63,160,470,1528253058,NULL),(3129,63,161,471,1528253068,NULL),(3130,63,162,476,1528253078,NULL),(3131,63,163,478,1528253088,NULL),(3132,63,164,480,1528253098,NULL),(3133,63,165,484,1528253108,NULL),(3134,63,166,488,1528253118,NULL),(3135,63,167,489,1528253128,NULL),(3136,63,168,493,1528253138,NULL),(3137,63,169,497,1528253148,NULL),(3138,63,170,498,1528253158,NULL),(3139,63,171,503,1528253168,NULL),(3140,63,172,504,1528253178,NULL),(3141,63,173,509,1528253188,NULL),(3142,63,174,512,1528253198,NULL),(3143,63,175,514,1528253208,NULL),(3144,63,176,518,1528253218,NULL),(3145,63,177,521,1528253228,NULL),(3146,63,178,523,1528253238,NULL),(3147,63,179,526,1528253248,NULL),(3148,63,180,530,1528253258,NULL),(3149,63,181,532,1528253268,NULL),(3150,63,182,533,1528253278,NULL),(3151,64,10,28,1528252688,NULL),(3152,64,11,29,1528252698,NULL),(3153,64,13,35,1528252708,NULL),(3154,64,14,40,1528252718,NULL),(3155,64,15,41,1528252728,NULL),(3156,64,16,45,1528252738,NULL),(3157,64,19,52,1528252748,NULL),(3158,64,20,54,1528252758,NULL),(3159,64,21,59,1528252768,NULL),(3160,64,22,60,1528252778,NULL),(3161,64,133,387,1528252788,NULL),(3162,64,134,392,1528252798,NULL),(3163,64,135,394,1528252808,NULL),(3164,64,136,397,1528252818,NULL),(3165,64,137,401,1528252828,NULL),(3166,64,138,402,1528252838,NULL),(3167,64,139,405,1528252848,NULL),(3168,64,140,409,1528252858,NULL),(3169,64,141,413,1528252868,NULL),(3170,64,142,415,1528252878,NULL),(3171,64,143,417,1528252888,NULL),(3172,64,144,420,1528252898,NULL),(3173,64,145,425,1528252908,NULL),(3174,64,146,428,1528252918,NULL),(3175,64,147,429,1528252928,NULL),(3176,64,148,433,1528252938,NULL),(3177,64,149,436,1528252948,NULL),(3178,64,150,439,1528252958,NULL),(3179,64,151,441,1528252968,NULL),(3180,64,152,444,1528252978,NULL),(3181,64,153,448,1528252988,NULL),(3182,64,154,451,1528252998,NULL),(3183,64,155,455,1528253008,NULL),(3184,64,156,456,1528253018,NULL),(3185,64,157,459,1528253028,NULL),(3186,64,158,464,1528253038,NULL),(3187,64,159,467,1528253048,NULL),(3188,64,160,470,1528253058,NULL),(3189,64,161,472,1528253068,NULL),(3190,64,162,474,1528253078,NULL),(3191,64,163,478,1528253088,NULL),(3192,64,164,482,1528253098,NULL),(3193,64,165,483,1528253108,NULL),(3194,64,166,488,1528253118,NULL),(3195,64,167,491,1528253128,NULL),(3196,64,168,493,1528253138,NULL),(3197,64,169,495,1528253148,NULL),(3198,64,170,500,1528253158,NULL),(3199,64,171,502,1528253168,NULL),(3200,64,172,505,1528253178,NULL),(3201,64,173,509,1528253188,NULL),(3202,64,174,510,1528253198,NULL),(3203,64,175,514,1528253208,NULL),(3204,64,176,516,1528253218,NULL),(3205,64,177,520,1528253228,NULL),(3206,64,178,524,1528253238,NULL),(3207,64,179,527,1528253248,NULL),(3208,64,180,530,1528253258,NULL),(3209,64,181,531,1528253268,NULL),(3210,64,182,533,1528253278,NULL),(3211,65,10,27,1528252688,NULL),(3212,65,11,29,1528252698,NULL),(3213,65,13,36,1528252708,NULL),(3214,65,14,39,1528252718,NULL),(3215,65,15,42,1528252728,NULL),(3216,65,16,45,1528252738,NULL),(3217,65,19,53,1528252748,NULL),(3218,65,20,54,1528252758,NULL),(3219,65,21,59,1528252768,NULL),(3220,65,22,62,1528252778,NULL),(3221,65,133,389,1528252788,NULL),(3222,65,134,390,1528252798,NULL),(3223,65,135,393,1528252808,NULL),(3224,65,136,396,1528252818,NULL),(3225,65,137,401,1528252828,NULL),(3226,65,138,402,1528252838,NULL),(3227,65,139,405,1528252848,NULL),(3228,65,140,408,1528252858,NULL),(3229,65,141,411,1528252868,NULL),(3230,65,142,416,1528252878,NULL),(3231,65,143,417,1528252888,NULL),(3232,65,144,422,1528252898,NULL),(3233,65,145,423,1528252908,NULL),(3234,65,146,427,1528252918,NULL),(3235,65,147,431,1528252928,NULL),(3236,65,148,432,1528252938,NULL),(3237,65,149,436,1528252948,NULL),(3238,65,150,440,1528252958,NULL),(3239,65,151,442,1528252968,NULL),(3240,65,152,444,1528252978,NULL),(3241,65,153,448,1528252988,NULL),(3242,65,154,451,1528252998,NULL),(3243,65,155,453,1528253008,NULL),(3244,65,156,458,1528253018,NULL),(3245,65,157,461,1528253028,NULL),(3246,65,158,462,1528253038,NULL),(3247,65,159,465,1528253048,NULL),(3248,65,160,469,1528253058,NULL),(3249,65,161,472,1528253068,NULL),(3250,65,162,475,1528253078,NULL),(3251,65,163,478,1528253088,NULL),(3252,65,164,482,1528253098,NULL),(3253,65,165,485,1528253108,NULL),(3254,65,166,487,1528253118,NULL),(3255,65,167,490,1528253128,NULL),(3256,65,168,492,1528253138,NULL),(3257,65,169,497,1528253148,NULL),(3258,65,170,498,1528253158,NULL),(3259,65,171,501,1528253168,NULL),(3260,65,172,504,1528253178,NULL),(3261,65,173,509,1528253188,NULL),(3262,65,174,510,1528253198,NULL),(3263,65,175,513,1528253208,NULL),(3264,65,176,517,1528253218,NULL),(3265,65,177,519,1528253228,NULL),(3266,65,178,522,1528253238,NULL),(3267,65,179,525,1528253248,NULL),(3268,65,180,529,1528253258,NULL),(3269,65,181,532,1528253268,NULL),(3270,65,182,533,1528253278,NULL),(3271,66,10,28,1528252688,NULL),(3272,66,11,29,1528252698,NULL),(3273,66,13,35,1528252708,NULL),(3274,66,14,39,1528252718,NULL),(3275,66,15,42,1528252728,NULL),(3276,66,16,44,1528252738,NULL),(3277,66,19,53,1528252748,NULL),(3278,66,20,55,1528252758,NULL),(3279,66,21,57,1528252768,NULL),(3280,66,22,60,1528252778,NULL),(3281,66,133,388,1528252788,NULL),(3282,66,134,392,1528252798,NULL),(3283,66,135,395,1528252808,NULL),(3284,66,136,396,1528252818,NULL),(3285,66,137,399,1528252828,NULL),(3286,66,138,403,1528252838,NULL),(3287,66,139,406,1528252848,NULL),(3288,66,140,410,1528252858,NULL),(3289,66,141,412,1528252868,NULL),(3290,66,142,416,1528252878,NULL),(3291,66,143,419,1528252888,NULL),(3292,66,144,420,1528252898,NULL),(3293,66,145,424,1528252908,NULL),(3294,66,146,427,1528252918,NULL),(3295,66,147,431,1528252928,NULL),(3296,66,148,433,1528252938,NULL),(3297,66,149,436,1528252948,NULL),(3298,66,150,438,1528252958,NULL),(3299,66,151,442,1528252968,NULL),(3300,66,152,446,1528252978,NULL),(3301,66,153,447,1528252988,NULL),(3302,66,154,452,1528252998,NULL),(3303,66,155,455,1528253008,NULL),(3304,66,156,457,1528253018,NULL),(3305,66,157,461,1528253028,NULL),(3306,66,158,464,1528253038,NULL),(3307,66,159,465,1528253048,NULL),(3308,66,160,470,1528253058,NULL),(3309,66,161,471,1528253068,NULL),(3310,66,162,476,1528253078,NULL),(3311,66,163,477,1528253088,NULL),(3312,66,164,480,1528253098,NULL),(3313,66,165,485,1528253108,NULL),(3314,66,166,486,1528253118,NULL),(3315,66,167,490,1528253128,NULL),(3316,66,168,494,1528253138,NULL),(3317,66,169,496,1528253148,NULL),(3318,66,170,500,1528253158,NULL),(3319,66,171,502,1528253168,NULL),(3320,66,172,506,1528253178,NULL),(3321,66,173,508,1528253188,NULL),(3322,66,174,510,1528253198,NULL),(3323,66,175,514,1528253208,NULL),(3324,66,176,518,1528253218,NULL),(3325,66,177,520,1528253228,NULL),(3326,66,178,523,1528253238,NULL),(3327,66,179,525,1528253248,NULL),(3328,66,180,530,1528253258,NULL),(3329,66,181,532,1528253268,NULL),(3330,66,182,534,1528253278,NULL),(3331,67,10,27,1528252688,NULL),(3332,67,11,31,1528252698,NULL),(3333,67,13,36,1528252708,NULL),(3334,67,14,38,1528252718,NULL),(3335,67,15,41,1528252728,NULL),(3336,67,16,46,1528252738,NULL),(3337,67,19,53,1528252748,NULL),(3338,67,20,54,1528252758,NULL),(3339,67,21,58,1528252768,NULL),(3340,67,22,60,1528252778,NULL),(3341,67,133,388,1528252788,NULL),(3342,67,134,390,1528252798,NULL),(3343,67,135,394,1528252808,NULL),(3344,67,136,396,1528252818,NULL),(3345,67,137,399,1528252828,NULL),(3346,67,138,403,1528252838,NULL),(3347,67,139,406,1528252848,NULL),(3348,67,140,408,1528252858,NULL),(3349,67,141,413,1528252868,NULL),(3350,67,142,414,1528252878,NULL),(3351,67,143,417,1528252888,NULL),(3352,67,144,421,1528252898,NULL),(3353,67,145,425,1528252908,NULL),(3354,67,146,426,1528252918,NULL),(3355,67,147,430,1528252928,NULL),(3356,67,148,432,1528252938,NULL),(3357,67,149,435,1528252948,NULL),(3358,67,150,440,1528252958,NULL),(3359,67,151,442,1528252968,NULL),(3360,67,152,446,1528252978,NULL),(3361,67,153,449,1528252988,NULL),(3362,67,154,452,1528252998,NULL),(3363,67,155,453,1528253008,NULL),(3364,67,156,456,1528253018,NULL),(3365,67,157,460,1528253028,NULL),(3366,67,158,463,1528253038,NULL),(3367,67,159,465,1528253048,NULL),(3368,67,160,469,1528253058,NULL),(3369,67,161,473,1528253068,NULL),(3370,67,162,475,1528253078,NULL),(3371,67,163,478,1528253088,NULL),(3372,67,164,482,1528253098,NULL),(3373,67,165,483,1528253108,NULL),(3374,67,166,487,1528253118,NULL),(3375,67,167,489,1528253128,NULL),(3376,67,168,493,1528253138,NULL),(3377,67,169,497,1528253148,NULL),(3378,67,170,500,1528253158,NULL),(3379,67,171,501,1528253168,NULL),(3380,67,172,505,1528253178,NULL),(3381,67,173,507,1528253188,NULL),(3382,67,174,511,1528253198,NULL),(3383,67,175,514,1528253208,NULL),(3384,67,176,517,1528253218,NULL),(3385,67,177,521,1528253228,NULL),(3386,67,178,522,1528253238,NULL),(3387,67,179,526,1528253248,NULL),(3388,67,180,530,1528253258,NULL),(3389,67,181,532,1528253268,NULL),(3390,67,182,534,1528253278,NULL),(3391,68,10,27,1528252688,NULL),(3392,68,11,29,1528252698,NULL),(3393,68,13,37,1528252708,NULL),(3394,68,14,40,1528252718,NULL),(3395,68,15,42,1528252728,NULL),(3396,68,16,46,1528252738,NULL),(3397,68,19,53,1528252748,NULL),(3398,68,20,54,1528252758,NULL),(3399,68,21,59,1528252768,NULL),(3400,68,22,62,1528252778,NULL),(3401,68,133,389,1528252788,NULL),(3402,68,134,390,1528252798,NULL),(3403,68,135,395,1528252808,NULL),(3404,68,136,398,1528252818,NULL),(3405,68,137,399,1528252828,NULL),(3406,68,138,403,1528252838,NULL),(3407,68,139,405,1528252848,NULL),(3408,68,140,410,1528252858,NULL),(3409,68,141,411,1528252868,NULL),(3410,68,142,416,1528252878,NULL),(3411,68,143,419,1528252888,NULL),(3412,68,144,420,1528252898,NULL),(3413,68,145,424,1528252908,NULL),(3414,68,146,427,1528252918,NULL),(3415,68,147,431,1528252928,NULL),(3416,68,148,433,1528252938,NULL),(3417,68,149,437,1528252948,NULL),(3418,68,150,438,1528252958,NULL),(3419,68,151,443,1528252968,NULL),(3420,68,152,445,1528252978,NULL),(3421,68,153,449,1528252988,NULL),(3422,68,154,450,1528252998,NULL),(3423,68,155,455,1528253008,NULL),(3424,68,156,457,1528253018,NULL),(3425,68,157,459,1528253028,NULL),(3426,68,158,462,1528253038,NULL),(3427,68,159,466,1528253048,NULL),(3428,68,160,469,1528253058,NULL),(3429,68,161,473,1528253068,NULL),(3430,68,162,475,1528253078,NULL),(3431,68,163,479,1528253088,NULL),(3432,68,164,482,1528253098,NULL),(3433,68,165,484,1528253108,NULL),(3434,68,166,486,1528253118,NULL),(3435,68,167,491,1528253128,NULL),(3436,68,168,493,1528253138,NULL),(3437,68,169,497,1528253148,NULL),(3438,68,170,499,1528253158,NULL),(3439,68,171,502,1528253168,NULL),(3440,68,172,506,1528253178,NULL),(3441,68,173,509,1528253188,NULL),(3442,68,174,511,1528253198,NULL),(3443,68,175,515,1528253208,NULL),(3444,68,176,516,1528253218,NULL),(3445,68,177,521,1528253228,NULL),(3446,68,178,522,1528253238,NULL),(3447,68,179,527,1528253248,NULL),(3448,68,180,528,1528253258,NULL),(3449,68,181,531,1528253268,NULL),(3450,68,182,533,1528253278,NULL),(3451,69,10,28,1528252688,NULL),(3452,69,11,31,1528252698,NULL),(3453,69,13,37,1528252708,NULL),(3454,69,14,39,1528252718,NULL),(3455,69,15,42,1528252728,NULL),(3456,69,16,45,1528252738,NULL),(3457,69,19,53,1528252748,NULL),(3458,69,20,55,1528252758,NULL),(3459,69,21,59,1528252768,NULL),(3460,69,22,61,1528252778,NULL),(3461,69,133,389,1528252788,NULL),(3462,69,134,391,1528252798,NULL),(3463,69,135,393,1528252808,NULL),(3464,69,136,397,1528252818,NULL),(3465,69,137,401,1528252828,NULL),(3466,69,138,402,1528252838,NULL),(3467,69,139,406,1528252848,NULL),(3468,69,140,408,1528252858,NULL),(3469,69,141,411,1528252868,NULL),(3470,69,142,416,1528252878,NULL),(3471,69,143,418,1528252888,NULL),(3472,69,144,421,1528252898,NULL),(3473,69,145,424,1528252908,NULL),(3474,69,146,427,1528252918,NULL),(3475,69,147,429,1528252928,NULL),(3476,69,148,433,1528252938,NULL),(3477,69,149,436,1528252948,NULL),(3478,69,150,438,1528252958,NULL),(3479,69,151,442,1528252968,NULL),(3480,69,152,446,1528252978,NULL),(3481,69,153,448,1528252988,NULL),(3482,69,154,451,1528252998,NULL),(3483,69,155,455,1528253008,NULL),(3484,69,156,458,1528253018,NULL),(3485,69,157,461,1528253028,NULL),(3486,69,158,463,1528253038,NULL),(3487,69,159,466,1528253048,NULL),(3488,69,160,470,1528253058,NULL),(3489,69,161,472,1528253068,NULL),(3490,69,162,475,1528253078,NULL),(3491,69,163,477,1528253088,NULL),(3492,69,164,482,1528253098,NULL),(3493,69,165,483,1528253108,NULL),(3494,69,166,488,1528253118,NULL),(3495,69,167,489,1528253128,NULL),(3496,69,168,494,1528253138,NULL),(3497,69,169,496,1528253148,NULL),(3498,69,170,500,1528253158,NULL),(3499,69,171,501,1528253168,NULL),(3500,69,172,504,1528253178,NULL),(3501,69,173,507,1528253188,NULL),(3502,69,174,511,1528253198,NULL),(3503,69,175,513,1528253208,NULL),(3504,69,176,516,1528253218,NULL),(3505,69,177,521,1528253228,NULL),(3506,69,178,524,1528253238,NULL),(3507,69,179,527,1528253248,NULL),(3508,69,180,530,1528253258,NULL),(3509,69,181,531,1528253268,NULL),(3510,69,182,533,1528253278,NULL),(3511,70,10,28,1528252688,NULL),(3512,70,11,29,1528252698,NULL),(3513,70,13,36,1528252708,NULL),(3514,70,14,40,1528252718,NULL),(3515,70,15,42,1528252728,NULL),(3516,70,16,44,1528252738,NULL),(3517,70,19,53,1528252748,NULL),(3518,70,20,54,1528252758,NULL),(3519,70,21,58,1528252768,NULL),(3520,70,22,60,1528252778,NULL),(3521,70,133,389,1528252788,NULL),(3522,70,134,390,1528252798,NULL),(3523,70,135,395,1528252808,NULL),(3524,70,136,398,1528252818,NULL),(3525,70,137,399,1528252828,NULL),(3526,70,138,404,1528252838,NULL),(3527,70,139,406,1528252848,NULL),(3528,70,140,410,1528252858,NULL),(3529,70,141,413,1528252868,NULL),(3530,70,142,416,1528252878,NULL),(3531,70,143,419,1528252888,NULL),(3532,70,144,422,1528252898,NULL),(3533,70,145,423,1528252908,NULL),(3534,70,146,427,1528252918,NULL),(3535,70,147,430,1528252928,NULL),(3536,70,148,433,1528252938,NULL),(3537,70,149,437,1528252948,NULL),(3538,70,150,440,1528252958,NULL),(3539,70,151,442,1528252968,NULL),(3540,70,152,446,1528252978,NULL),(3541,70,153,447,1528252988,NULL),(3542,70,154,451,1528252998,NULL),(3543,70,155,453,1528253008,NULL),(3544,70,156,456,1528253018,NULL),(3545,70,157,459,1528253028,NULL),(3546,70,158,462,1528253038,NULL),(3547,70,159,467,1528253048,NULL),(3548,70,160,468,1528253058,NULL),(3549,70,161,473,1528253068,NULL),(3550,70,162,475,1528253078,NULL),(3551,70,163,478,1528253088,NULL),(3552,70,164,480,1528253098,NULL),(3553,70,165,484,1528253108,NULL),(3554,70,166,487,1528253118,NULL),(3555,70,167,489,1528253128,NULL),(3556,70,168,494,1528253138,NULL),(3557,70,169,496,1528253148,NULL),(3558,70,170,499,1528253158,NULL),(3559,70,171,503,1528253168,NULL),(3560,70,172,505,1528253178,NULL),(3561,70,173,507,1528253188,NULL),(3562,70,174,512,1528253198,NULL),(3563,70,175,514,1528253208,NULL),(3564,70,176,517,1528253218,NULL),(3565,70,177,519,1528253228,NULL),(3566,70,178,524,1528253238,NULL),(3567,70,179,525,1528253248,NULL),(3568,70,180,530,1528253258,NULL),(3569,70,181,531,1528253268,NULL),(3570,70,182,534,1528253278,NULL),(3571,71,10,28,1528252688,NULL),(3572,71,11,29,1528252698,NULL),(3573,71,13,36,1528252708,NULL),(3574,71,14,40,1528252718,NULL),(3575,71,15,43,1528252728,NULL),(3576,71,16,46,1528252738,NULL),(3577,71,19,53,1528252748,NULL),(3578,71,20,56,1528252758,NULL),(3579,71,21,58,1528252768,NULL),(3580,71,22,61,1528252778,NULL),(3581,71,133,387,1528252788,NULL),(3582,71,134,392,1528252798,NULL),(3583,71,135,394,1528252808,NULL),(3584,71,136,397,1528252818,NULL),(3585,71,137,399,1528252828,NULL),(3586,71,138,404,1528252838,NULL),(3587,71,139,406,1528252848,NULL),(3588,71,140,410,1528252858,NULL),(3589,71,141,411,1528252868,NULL),(3590,71,142,416,1528252878,NULL),(3591,71,143,419,1528252888,NULL),(3592,71,144,420,1528252898,NULL),(3593,71,145,424,1528252908,NULL),(3594,71,146,428,1528252918,NULL),(3595,71,147,429,1528252928,NULL),(3596,71,148,433,1528252938,NULL),(3597,71,149,435,1528252948,NULL),(3598,71,150,439,1528252958,NULL),(3599,71,151,441,1528252968,NULL),(3600,71,152,446,1528252978,NULL),(3601,71,153,447,1528252988,NULL),(3602,71,154,451,1528252998,NULL),(3603,71,155,453,1528253008,NULL),(3604,71,156,457,1528253018,NULL),(3605,71,157,461,1528253028,NULL),(3606,71,158,463,1528253038,NULL),(3607,71,159,465,1528253048,NULL),(3608,71,160,469,1528253058,NULL),(3609,71,161,473,1528253068,NULL),(3610,71,162,474,1528253078,NULL),(3611,71,163,478,1528253088,NULL),(3612,71,164,482,1528253098,NULL),(3613,71,165,485,1528253108,NULL),(3614,71,166,487,1528253118,NULL),(3615,71,167,491,1528253128,NULL),(3616,71,168,493,1528253138,NULL),(3617,71,169,496,1528253148,NULL),(3618,71,170,498,1528253158,NULL),(3619,71,171,501,1528253168,NULL),(3620,71,172,506,1528253178,NULL),(3621,71,173,508,1528253188,NULL),(3622,71,174,512,1528253198,NULL),(3623,71,175,514,1528253208,NULL),(3624,71,176,518,1528253218,NULL),(3625,71,177,519,1528253228,NULL),(3626,71,178,524,1528253238,NULL),(3627,71,179,525,1528253248,NULL),(3628,71,180,529,1528253258,NULL),(3629,71,181,531,1528253268,NULL),(3630,71,182,534,1528253278,NULL),(3631,72,10,28,1528252688,NULL),(3632,72,11,29,1528252698,NULL),(3633,72,13,35,1528252708,NULL),(3634,72,14,38,1528252718,NULL),(3635,72,15,41,1528252728,NULL),(3636,72,16,45,1528252738,NULL),(3637,72,19,52,1528252748,NULL),(3638,72,20,54,1528252758,NULL),(3639,72,21,57,1528252768,NULL),(3640,72,22,61,1528252778,NULL),(3641,72,133,387,1528252788,NULL),(3642,72,134,391,1528252798,NULL),(3643,72,135,395,1528252808,NULL),(3644,72,136,398,1528252818,NULL),(3645,72,137,401,1528252828,NULL),(3646,72,138,403,1528252838,NULL),(3647,72,139,405,1528252848,NULL),(3648,72,140,408,1528252858,NULL),(3649,72,141,411,1528252868,NULL),(3650,72,142,414,1528252878,NULL),(3651,72,143,417,1528252888,NULL),(3652,72,144,421,1528252898,NULL),(3653,72,145,423,1528252908,NULL),(3654,72,146,428,1528252918,NULL),(3655,72,147,431,1528252928,NULL),(3656,72,148,434,1528252938,NULL),(3657,72,149,437,1528252948,NULL),(3658,72,150,440,1528252958,NULL),(3659,72,151,442,1528252968,NULL),(3660,72,152,444,1528252978,NULL),(3661,72,153,447,1528252988,NULL),(3662,72,154,450,1528252998,NULL),(3663,72,155,453,1528253008,NULL),(3664,72,156,456,1528253018,NULL),(3665,72,157,460,1528253028,NULL),(3666,72,158,462,1528253038,NULL),(3667,72,159,467,1528253048,NULL),(3668,72,160,469,1528253058,NULL),(3669,72,161,473,1528253068,NULL),(3670,72,162,474,1528253078,NULL),(3671,72,163,479,1528253088,NULL),(3672,72,164,481,1528253098,NULL),(3673,72,165,483,1528253108,NULL),(3674,72,166,487,1528253118,NULL),(3675,72,167,490,1528253128,NULL),(3676,72,168,494,1528253138,NULL),(3677,72,169,496,1528253148,NULL),(3678,72,170,498,1528253158,NULL),(3679,72,171,502,1528253168,NULL),(3680,72,172,504,1528253178,NULL),(3681,72,173,508,1528253188,NULL),(3682,72,174,510,1528253198,NULL),(3683,72,175,515,1528253208,NULL),(3684,72,176,518,1528253218,NULL),(3685,72,177,521,1528253228,NULL),(3686,72,178,524,1528253238,NULL),(3687,72,179,525,1528253248,NULL),(3688,72,180,529,1528253258,NULL),(3689,72,181,532,1528253268,NULL),(3690,72,182,533,1528253278,NULL),(3691,73,10,28,1528252688,NULL),(3692,73,11,31,1528252698,NULL),(3693,73,13,35,1528252708,NULL),(3694,73,14,39,1528252718,NULL),(3695,73,15,41,1528252728,NULL),(3696,73,16,46,1528252738,NULL),(3697,73,19,52,1528252748,NULL),(3698,73,20,55,1528252758,NULL),(3699,73,21,59,1528252768,NULL),(3700,73,22,60,1528252778,NULL),(3701,73,133,388,1528252788,NULL),(3702,73,134,390,1528252798,NULL),(3703,73,135,393,1528252808,NULL),(3704,73,136,397,1528252818,NULL),(3705,73,137,399,1528252828,NULL),(3706,73,138,404,1528252838,NULL),(3707,73,139,407,1528252848,NULL),(3708,73,140,410,1528252858,NULL),(3709,73,141,413,1528252868,NULL),(3710,73,142,416,1528252878,NULL),(3711,73,143,418,1528252888,NULL),(3712,73,144,422,1528252898,NULL),(3713,73,145,423,1528252908,NULL),(3714,73,146,427,1528252918,NULL),(3715,73,147,429,1528252928,NULL),(3716,73,148,432,1528252938,NULL),(3717,73,149,437,1528252948,NULL),(3718,73,150,440,1528252958,NULL),(3719,73,151,441,1528252968,NULL),(3720,73,152,444,1528252978,NULL),(3721,73,153,449,1528252988,NULL),(3722,73,154,452,1528252998,NULL),(3723,73,155,454,1528253008,NULL),(3724,73,156,456,1528253018,NULL),(3725,73,157,461,1528253028,NULL),(3726,73,158,463,1528253038,NULL),(3727,73,159,467,1528253048,NULL),(3728,73,160,470,1528253058,NULL),(3729,73,161,472,1528253068,NULL),(3730,73,162,474,1528253078,NULL),(3731,73,163,477,1528253088,NULL),(3732,73,164,482,1528253098,NULL),(3733,73,165,484,1528253108,NULL),(3734,73,166,488,1528253118,NULL),(3735,73,167,491,1528253128,NULL),(3736,73,168,492,1528253138,NULL),(3737,73,169,496,1528253148,NULL),(3738,73,170,498,1528253158,NULL),(3739,73,171,502,1528253168,NULL),(3740,73,172,504,1528253178,NULL),(3741,73,173,509,1528253188,NULL),(3742,73,174,512,1528253198,NULL),(3743,73,175,514,1528253208,NULL),(3744,73,176,516,1528253218,NULL),(3745,73,177,521,1528253228,NULL),(3746,73,178,523,1528253238,NULL),(3747,73,179,527,1528253248,NULL),(3748,73,180,529,1528253258,NULL),(3749,73,181,532,1528253268,NULL),(3750,73,182,534,1528253278,NULL),(3751,74,10,28,1528252688,NULL),(3752,74,11,29,1528252698,NULL),(3753,74,13,35,1528252708,NULL),(3754,74,14,38,1528252718,NULL),(3755,74,15,41,1528252728,NULL),(3756,74,16,44,1528252738,NULL),(3757,74,19,52,1528252748,NULL),(3758,74,20,56,1528252758,NULL),(3759,74,21,58,1528252768,NULL),(3760,74,22,61,1528252778,NULL),(3761,74,133,389,1528252788,NULL),(3762,74,134,392,1528252798,NULL),(3763,74,135,394,1528252808,NULL),(3764,74,136,398,1528252818,NULL),(3765,74,137,401,1528252828,NULL),(3766,74,138,404,1528252838,NULL),(3767,74,139,405,1528252848,NULL),(3768,74,140,409,1528252858,NULL),(3769,74,141,411,1528252868,NULL),(3770,74,142,416,1528252878,NULL),(3771,74,143,418,1528252888,NULL),(3772,74,144,421,1528252898,NULL),(3773,74,145,424,1528252908,NULL),(3774,74,146,427,1528252918,NULL),(3775,74,147,429,1528252928,NULL),(3776,74,148,434,1528252938,NULL),(3777,74,149,437,1528252948,NULL),(3778,74,150,438,1528252958,NULL),(3779,74,151,443,1528252968,NULL),(3780,74,152,445,1528252978,NULL),(3781,74,153,449,1528252988,NULL),(3782,74,154,452,1528252998,NULL),(3783,74,155,454,1528253008,NULL),(3784,74,156,456,1528253018,NULL),(3785,74,157,460,1528253028,NULL),(3786,74,158,463,1528253038,NULL),(3787,74,159,465,1528253048,NULL),(3788,74,160,470,1528253058,NULL),(3789,74,161,471,1528253068,NULL),(3790,74,162,476,1528253078,NULL),(3791,74,163,478,1528253088,NULL),(3792,74,164,481,1528253098,NULL),(3793,74,165,484,1528253108,NULL),(3794,74,166,488,1528253118,NULL),(3795,74,167,491,1528253128,NULL),(3796,74,168,492,1528253138,NULL),(3797,74,169,496,1528253148,NULL),(3798,74,170,500,1528253158,NULL),(3799,74,171,503,1528253168,NULL),(3800,74,172,504,1528253178,NULL),(3801,74,173,508,1528253188,NULL),(3802,74,174,510,1528253198,NULL),(3803,74,175,514,1528253208,NULL),(3804,74,176,516,1528253218,NULL),(3805,74,177,519,1528253228,NULL),(3806,74,178,523,1528253238,NULL),(3807,74,179,527,1528253248,NULL),(3808,74,180,530,1528253258,NULL),(3809,74,181,532,1528253268,NULL),(3810,74,182,534,1528253278,NULL),(3811,75,10,27,1528252688,NULL),(3812,75,11,29,1528252698,NULL),(3813,75,13,37,1528252708,NULL),(3814,75,14,39,1528252718,NULL),(3815,75,15,41,1528252728,NULL),(3816,75,16,44,1528252738,NULL),(3817,75,19,52,1528252748,NULL),(3818,75,20,55,1528252758,NULL),(3819,75,21,57,1528252768,NULL),(3820,75,22,60,1528252778,NULL),(3821,75,133,389,1528252788,NULL),(3822,75,134,392,1528252798,NULL),(3823,75,135,393,1528252808,NULL),(3824,75,136,398,1528252818,NULL),(3825,75,137,400,1528252828,NULL),(3826,75,138,403,1528252838,NULL),(3827,75,139,406,1528252848,NULL),(3828,75,140,409,1528252858,NULL),(3829,75,141,413,1528252868,NULL),(3830,75,142,416,1528252878,NULL),(3831,75,143,417,1528252888,NULL),(3832,75,144,420,1528252898,NULL),(3833,75,145,424,1528252908,NULL),(3834,75,146,428,1528252918,NULL),(3835,75,147,429,1528252928,NULL),(3836,75,148,432,1528252938,NULL),(3837,75,149,436,1528252948,NULL),(3838,75,150,438,1528252958,NULL),(3839,75,151,441,1528252968,NULL),(3840,75,152,444,1528252978,NULL),(3841,75,153,448,1528252988,NULL),(3842,75,154,450,1528252998,NULL),(3843,75,155,454,1528253008,NULL),(3844,75,156,457,1528253018,NULL),(3845,75,157,460,1528253028,NULL),(3846,75,158,462,1528253038,NULL),(3847,75,159,465,1528253048,NULL),(3848,75,160,470,1528253058,NULL),(3849,75,161,473,1528253068,NULL),(3850,75,162,476,1528253078,NULL),(3851,75,163,479,1528253088,NULL),(3852,75,164,482,1528253098,NULL),(3853,75,165,483,1528253108,NULL),(3854,75,166,486,1528253118,NULL),(3855,75,167,490,1528253128,NULL),(3856,75,168,494,1528253138,NULL),(3857,75,169,496,1528253148,NULL),(3858,75,170,499,1528253158,NULL),(3859,75,171,502,1528253168,NULL),(3860,75,172,506,1528253178,NULL),(3861,75,173,507,1528253188,NULL),(3862,75,174,511,1528253198,NULL),(3863,75,175,514,1528253208,NULL),(3864,75,176,517,1528253218,NULL),(3865,75,177,519,1528253228,NULL),(3866,75,178,522,1528253238,NULL),(3867,75,179,527,1528253248,NULL),(3868,75,180,530,1528253258,NULL),(3869,75,181,532,1528253268,NULL),(3870,75,182,533,1528253278,NULL),(3871,76,10,28,1528252688,NULL),(3872,76,11,29,1528252698,NULL),(3873,76,13,37,1528252708,NULL),(3874,76,14,38,1528252718,NULL),(3875,76,15,41,1528252728,NULL),(3876,76,16,45,1528252738,NULL),(3877,76,19,53,1528252748,NULL),(3878,76,20,54,1528252758,NULL),(3879,76,21,59,1528252768,NULL),(3880,76,22,60,1528252778,NULL),(3881,76,133,389,1528252788,NULL),(3882,76,134,391,1528252798,NULL),(3883,76,135,393,1528252808,NULL),(3884,76,136,398,1528252818,NULL),(3885,76,137,399,1528252828,NULL),(3886,76,138,403,1528252838,NULL),(3887,76,139,405,1528252848,NULL),(3888,76,140,409,1528252858,NULL),(3889,76,141,413,1528252868,NULL),(3890,76,142,414,1528252878,NULL),(3891,76,143,417,1528252888,NULL),(3892,76,144,421,1528252898,NULL),(3893,76,145,423,1528252908,NULL),(3894,76,146,427,1528252918,NULL),(3895,76,147,431,1528252928,NULL),(3896,76,148,433,1528252938,NULL),(3897,76,149,436,1528252948,NULL),(3898,76,150,438,1528252958,NULL),(3899,76,151,441,1528252968,NULL),(3900,76,152,445,1528252978,NULL),(3901,76,153,447,1528252988,NULL),(3902,76,154,452,1528252998,NULL),(3903,76,155,453,1528253008,NULL),(3904,76,156,458,1528253018,NULL),(3905,76,157,460,1528253028,NULL),(3906,76,158,463,1528253038,NULL),(3907,76,159,466,1528253048,NULL),(3908,76,160,469,1528253058,NULL),(3909,76,161,473,1528253068,NULL),(3910,76,162,475,1528253078,NULL),(3911,76,163,477,1528253088,NULL),(3912,76,164,480,1528253098,NULL),(3913,76,165,484,1528253108,NULL),(3914,76,166,486,1528253118,NULL),(3915,76,167,490,1528253128,NULL),(3916,76,168,492,1528253138,NULL),(3917,76,169,496,1528253148,NULL),(3918,76,170,498,1528253158,NULL),(3919,76,171,502,1528253168,NULL),(3920,76,172,506,1528253178,NULL),(3921,76,173,508,1528253188,NULL),(3922,76,174,510,1528253198,NULL),(3923,76,175,514,1528253208,NULL),(3924,76,176,518,1528253218,NULL),(3925,76,177,519,1528253228,NULL),(3926,76,178,523,1528253238,NULL),(3927,76,179,527,1528253248,NULL),(3928,76,180,530,1528253258,NULL),(3929,76,181,531,1528253268,NULL),(3930,76,182,533,1528253278,NULL),(3931,77,10,28,1528252688,NULL),(3932,77,11,29,1528252698,NULL),(3933,77,13,35,1528252708,NULL),(3934,77,14,40,1528252718,NULL),(3935,77,15,41,1528252728,NULL),(3936,77,16,44,1528252738,NULL),(3937,77,19,53,1528252748,NULL),(3938,77,20,54,1528252758,NULL),(3939,77,21,58,1528252768,NULL),(3940,77,22,60,1528252778,NULL),(3941,77,133,387,1528252788,NULL),(3942,77,134,392,1528252798,NULL),(3943,77,135,393,1528252808,NULL),(3944,77,136,398,1528252818,NULL),(3945,77,137,400,1528252828,NULL),(3946,77,138,404,1528252838,NULL),(3947,77,139,406,1528252848,NULL),(3948,77,140,410,1528252858,NULL),(3949,77,141,413,1528252868,NULL),(3950,77,142,415,1528252878,NULL),(3951,77,143,417,1528252888,NULL),(3952,77,144,422,1528252898,NULL),(3953,77,145,424,1528252908,NULL),(3954,77,146,428,1528252918,NULL),(3955,77,147,431,1528252928,NULL),(3956,77,148,433,1528252938,NULL),(3957,77,149,437,1528252948,NULL),(3958,77,150,438,1528252958,NULL),(3959,77,151,443,1528252968,NULL),(3960,77,152,444,1528252978,NULL),(3961,77,153,447,1528252988,NULL),(3962,77,154,450,1528252998,NULL),(3963,77,155,455,1528253008,NULL),(3964,77,156,457,1528253018,NULL),(3965,77,157,460,1528253028,NULL),(3966,77,158,463,1528253038,NULL),(3967,77,159,467,1528253048,NULL),(3968,77,160,468,1528253058,NULL),(3969,77,161,473,1528253068,NULL),(3970,77,162,476,1528253078,NULL),(3971,77,163,479,1528253088,NULL),(3972,77,164,480,1528253098,NULL),(3973,77,165,484,1528253108,NULL),(3974,77,166,487,1528253118,NULL),(3975,77,167,491,1528253128,NULL),(3976,77,168,494,1528253138,NULL),(3977,77,169,496,1528253148,NULL),(3978,77,170,499,1528253158,NULL),(3979,77,171,501,1528253168,NULL),(3980,77,172,504,1528253178,NULL),(3981,77,173,508,1528253188,NULL),(3982,77,174,510,1528253198,NULL),(3983,77,175,514,1528253208,NULL),(3984,77,176,518,1528253218,NULL),(3985,77,177,520,1528253228,NULL),(3986,77,178,523,1528253238,NULL),(3987,77,179,527,1528253248,NULL),(3988,77,180,529,1528253258,NULL),(3989,77,181,532,1528253268,NULL),(3990,77,182,534,1528253278,NULL),(3991,78,10,28,1528252688,NULL),(3992,78,11,29,1528252698,NULL),(3993,78,13,35,1528252708,NULL),(3994,78,14,39,1528252718,NULL),(3995,78,15,42,1528252728,NULL),(3996,78,16,46,1528252738,NULL),(3997,78,19,53,1528252748,NULL),(3998,78,20,55,1528252758,NULL),(3999,78,21,58,1528252768,NULL),(4000,78,22,61,1528252778,NULL),(4001,78,133,389,1528252788,NULL),(4002,78,134,392,1528252798,NULL),(4003,78,135,395,1528252808,NULL),(4004,78,136,397,1528252818,NULL),(4005,78,137,399,1528252828,NULL),(4006,78,138,403,1528252838,NULL),(4007,78,139,407,1528252848,NULL),(4008,78,140,410,1528252858,NULL),(4009,78,141,413,1528252868,NULL),(4010,78,142,414,1528252878,NULL),(4011,78,143,419,1528252888,NULL),(4012,78,144,420,1528252898,NULL),(4013,78,145,424,1528252908,NULL),(4014,78,146,426,1528252918,NULL),(4015,78,147,429,1528252928,NULL),(4016,78,148,432,1528252938,NULL),(4017,78,149,437,1528252948,NULL),(4018,78,150,438,1528252958,NULL),(4019,78,151,442,1528252968,NULL),(4020,78,152,445,1528252978,NULL),(4021,78,153,449,1528252988,NULL),(4022,78,154,450,1528252998,NULL),(4023,78,155,453,1528253008,NULL),(4024,78,156,457,1528253018,NULL),(4025,78,157,459,1528253028,NULL),(4026,78,158,463,1528253038,NULL),(4027,78,159,467,1528253048,NULL),(4028,78,160,469,1528253058,NULL),(4029,78,161,471,1528253068,NULL),(4030,78,162,474,1528253078,NULL),(4031,78,163,479,1528253088,NULL),(4032,78,164,481,1528253098,NULL),(4033,78,165,484,1528253108,NULL),(4034,78,166,486,1528253118,NULL),(4035,78,167,489,1528253128,NULL),(4036,78,168,494,1528253138,NULL),(4037,78,169,495,1528253148,NULL),(4038,78,170,499,1528253158,NULL),(4039,78,171,503,1528253168,NULL),(4040,78,172,504,1528253178,NULL),(4041,78,173,509,1528253188,NULL),(4042,78,174,511,1528253198,NULL),(4043,78,175,515,1528253208,NULL),(4044,78,176,517,1528253218,NULL),(4045,78,177,520,1528253228,NULL),(4046,78,178,524,1528253238,NULL),(4047,78,179,525,1528253248,NULL),(4048,78,180,528,1528253258,NULL),(4049,78,181,531,1528253268,NULL),(4050,78,182,533,1528253278,NULL),(4051,79,10,27,1528252688,NULL),(4052,79,11,29,1528252698,NULL),(4053,79,13,37,1528252708,NULL),(4054,79,14,40,1528252718,NULL),(4055,79,15,43,1528252728,NULL),(4056,79,16,44,1528252738,NULL),(4057,79,19,52,1528252748,NULL),(4058,79,20,55,1528252758,NULL),(4059,79,21,57,1528252768,NULL),(4060,79,22,62,1528252778,NULL),(4061,79,133,388,1528252788,NULL),(4062,79,134,390,1528252798,NULL),(4063,79,135,395,1528252808,NULL),(4064,79,136,396,1528252818,NULL),(4065,79,137,401,1528252828,NULL),(4066,79,138,403,1528252838,NULL),(4067,79,139,406,1528252848,NULL),(4068,79,140,408,1528252858,NULL),(4069,79,141,411,1528252868,NULL),(4070,79,142,416,1528252878,NULL),(4071,79,143,419,1528252888,NULL),(4072,79,144,422,1528252898,NULL),(4073,79,145,425,1528252908,NULL),(4074,79,146,428,1528252918,NULL),(4075,79,147,430,1528252928,NULL),(4076,79,148,433,1528252938,NULL),(4077,79,149,435,1528252948,NULL),(4078,79,150,439,1528252958,NULL),(4079,79,151,442,1528252968,NULL),(4080,79,152,446,1528252978,NULL),(4081,79,153,447,1528252988,NULL),(4082,79,154,452,1528252998,NULL),(4083,79,155,454,1528253008,NULL),(4084,79,156,458,1528253018,NULL),(4085,79,157,459,1528253028,NULL),(4086,79,158,464,1528253038,NULL),(4087,79,159,467,1528253048,NULL),(4088,79,160,468,1528253058,NULL),(4089,79,161,472,1528253068,NULL),(4090,79,162,476,1528253078,NULL),(4091,79,163,477,1528253088,NULL),(4092,79,164,480,1528253098,NULL),(4093,79,165,485,1528253108,NULL),(4094,79,166,487,1528253118,NULL),(4095,79,167,489,1528253128,NULL),(4096,79,168,494,1528253138,NULL),(4097,79,169,495,1528253148,NULL),(4098,79,170,498,1528253158,NULL),(4099,79,171,502,1528253168,NULL),(4100,79,172,505,1528253178,NULL),(4101,79,173,509,1528253188,NULL),(4102,79,174,510,1528253198,NULL),(4103,79,175,514,1528253208,NULL),(4104,79,176,518,1528253218,NULL),(4105,79,177,520,1528253228,NULL),(4106,79,178,522,1528253238,NULL),(4107,79,179,526,1528253248,NULL),(4108,79,180,528,1528253258,NULL),(4109,79,181,532,1528253268,NULL),(4110,79,182,534,1528253278,NULL),(4111,80,10,27,1528252688,NULL),(4112,80,11,30,1528252698,NULL),(4113,80,13,37,1528252708,NULL),(4114,80,14,40,1528252718,NULL),(4115,80,15,41,1528252728,NULL),(4116,80,16,45,1528252738,NULL),(4117,80,19,53,1528252748,NULL),(4118,80,20,55,1528252758,NULL),(4119,80,21,59,1528252768,NULL),(4120,80,22,60,1528252778,NULL),(4121,80,133,389,1528252788,NULL),(4122,80,134,391,1528252798,NULL),(4123,80,135,394,1528252808,NULL),(4124,80,136,397,1528252818,NULL),(4125,80,137,401,1528252828,NULL),(4126,80,138,402,1528252838,NULL),(4127,80,139,407,1528252848,NULL),(4128,80,140,409,1528252858,NULL),(4129,80,141,411,1528252868,NULL),(4130,80,142,415,1528252878,NULL),(4131,80,143,419,1528252888,NULL),(4132,80,144,421,1528252898,NULL),(4133,80,145,424,1528252908,NULL),(4134,80,146,426,1528252918,NULL),(4135,80,147,430,1528252928,NULL),(4136,80,148,433,1528252938,NULL),(4137,80,149,436,1528252948,NULL),(4138,80,150,440,1528252958,NULL),(4139,80,151,441,1528252968,NULL),(4140,80,152,444,1528252978,NULL),(4141,80,153,448,1528252988,NULL),(4142,80,154,452,1528252998,NULL),(4143,80,155,455,1528253008,NULL),(4144,80,156,457,1528253018,NULL),(4145,80,157,460,1528253028,NULL),(4146,80,158,464,1528253038,NULL),(4147,80,159,466,1528253048,NULL),(4148,80,160,470,1528253058,NULL),(4149,80,161,471,1528253068,NULL),(4150,80,162,475,1528253078,NULL),(4151,80,163,479,1528253088,NULL),(4152,80,164,482,1528253098,NULL),(4153,80,165,483,1528253108,NULL),(4154,80,166,487,1528253118,NULL),(4155,80,167,491,1528253128,NULL),(4156,80,168,494,1528253138,NULL),(4157,80,169,497,1528253148,NULL),(4158,80,170,500,1528253158,NULL),(4159,80,171,501,1528253168,NULL),(4160,80,172,504,1528253178,NULL),(4161,80,173,507,1528253188,NULL),(4162,80,174,512,1528253198,NULL),(4163,80,175,515,1528253208,NULL),(4164,80,176,516,1528253218,NULL),(4165,80,177,520,1528253228,NULL),(4166,80,178,523,1528253238,NULL),(4167,80,179,526,1528253248,NULL),(4168,80,180,530,1528253258,NULL),(4169,80,181,532,1528253268,NULL),(4170,80,182,533,1528253278,NULL),(4171,81,10,27,1528252688,NULL),(4172,81,11,29,1528252698,NULL),(4173,81,13,35,1528252708,NULL),(4174,81,14,40,1528252718,NULL),(4175,81,15,41,1528252728,NULL),(4176,81,16,46,1528252738,NULL),(4177,81,19,52,1528252748,NULL),(4178,81,20,54,1528252758,NULL),(4179,81,21,57,1528252768,NULL),(4180,81,22,60,1528252778,NULL),(4181,81,133,388,1528252788,NULL),(4182,81,134,390,1528252798,NULL),(4183,81,135,393,1528252808,NULL),(4184,81,136,396,1528252818,NULL),(4185,81,137,401,1528252828,NULL),(4186,81,138,404,1528252838,NULL),(4187,81,139,405,1528252848,NULL),(4188,81,140,408,1528252858,NULL),(4189,81,141,413,1528252868,NULL),(4190,81,142,415,1528252878,NULL),(4191,81,143,419,1528252888,NULL),(4192,81,144,420,1528252898,NULL),(4193,81,145,423,1528252908,NULL),(4194,81,146,426,1528252918,NULL),(4195,81,147,431,1528252928,NULL),(4196,81,148,432,1528252938,NULL),(4197,81,149,437,1528252948,NULL),(4198,81,150,440,1528252958,NULL),(4199,81,151,442,1528252968,NULL),(4200,81,152,444,1528252978,NULL),(4201,81,153,449,1528252988,NULL),(4202,81,154,450,1528252998,NULL),(4203,81,155,454,1528253008,NULL),(4204,81,156,456,1528253018,NULL),(4205,81,157,459,1528253028,NULL),(4206,81,158,462,1528253038,NULL),(4207,81,159,467,1528253048,NULL),(4208,81,160,470,1528253058,NULL),(4209,81,161,473,1528253068,NULL),(4210,81,162,476,1528253078,NULL),(4211,81,163,479,1528253088,NULL),(4212,81,164,481,1528253098,NULL),(4213,81,165,484,1528253108,NULL),(4214,81,166,486,1528253118,NULL),(4215,81,167,489,1528253128,NULL),(4216,81,168,494,1528253138,NULL),(4217,81,169,497,1528253148,NULL),(4218,81,170,499,1528253158,NULL),(4219,81,171,502,1528253168,NULL),(4220,81,172,505,1528253178,NULL),(4221,81,173,508,1528253188,NULL),(4222,81,174,510,1528253198,NULL),(4223,81,175,514,1528253208,NULL),(4224,81,176,516,1528253218,NULL),(4225,81,177,521,1528253228,NULL),(4226,81,178,523,1528253238,NULL),(4227,81,179,526,1528253248,NULL),(4228,81,180,530,1528253258,NULL),(4229,81,181,531,1528253268,NULL),(4230,81,182,533,1528253278,NULL),(4231,82,10,27,1528252688,NULL),(4232,82,11,31,1528252698,NULL),(4233,82,13,35,1528252708,NULL),(4234,82,14,40,1528252718,NULL),(4235,82,15,42,1528252728,NULL),(4236,82,16,44,1528252738,NULL),(4237,82,19,52,1528252748,NULL),(4238,82,20,56,1528252758,NULL),(4239,82,21,59,1528252768,NULL),(4240,82,22,61,1528252778,NULL),(4241,82,133,389,1528252788,NULL),(4242,82,134,391,1528252798,NULL),(4243,82,135,393,1528252808,NULL),(4244,82,136,398,1528252818,NULL),(4245,82,137,400,1528252828,NULL),(4246,82,138,403,1528252838,NULL),(4247,82,139,407,1528252848,NULL),(4248,82,140,409,1528252858,NULL),(4249,82,141,412,1528252868,NULL),(4250,82,142,416,1528252878,NULL),(4251,82,143,417,1528252888,NULL),(4252,82,144,421,1528252898,NULL),(4253,82,145,425,1528252908,NULL),(4254,82,146,428,1528252918,NULL),(4255,82,147,431,1528252928,NULL),(4256,82,148,433,1528252938,NULL),(4257,82,149,437,1528252948,NULL),(4258,82,150,440,1528252958,NULL),(4259,82,151,443,1528252968,NULL),(4260,82,152,445,1528252978,NULL),(4261,82,153,448,1528252988,NULL),(4262,82,154,451,1528252998,NULL),(4263,82,155,453,1528253008,NULL),(4264,82,156,456,1528253018,NULL),(4265,82,157,459,1528253028,NULL),(4266,82,158,463,1528253038,NULL),(4267,82,159,465,1528253048,NULL),(4268,82,160,469,1528253058,NULL),(4269,82,161,471,1528253068,NULL),(4270,82,162,475,1528253078,NULL),(4271,82,163,478,1528253088,NULL),(4272,82,164,480,1528253098,NULL),(4273,82,165,483,1528253108,NULL),(4274,82,166,486,1528253118,NULL),(4275,82,167,491,1528253128,NULL),(4276,82,168,493,1528253138,NULL),(4277,82,169,495,1528253148,NULL),(4278,82,170,499,1528253158,NULL),(4279,82,171,501,1528253168,NULL),(4280,82,172,505,1528253178,NULL),(4281,82,173,508,1528253188,NULL),(4282,82,174,512,1528253198,NULL),(4283,82,175,514,1528253208,NULL),(4284,82,176,516,1528253218,NULL),(4285,82,177,520,1528253228,NULL),(4286,82,178,524,1528253238,NULL),(4287,82,179,527,1528253248,NULL),(4288,82,180,528,1528253258,NULL),(4289,82,181,531,1528253268,NULL),(4290,82,182,533,1528253278,NULL),(4291,83,10,27,1528252688,NULL),(4292,83,11,29,1528252698,NULL),(4293,83,13,35,1528252708,NULL),(4294,83,14,38,1528252718,NULL),(4295,83,15,42,1528252728,NULL),(4296,83,16,44,1528252738,NULL),(4297,83,19,52,1528252748,NULL),(4298,83,20,55,1528252758,NULL),(4299,83,21,57,1528252768,NULL),(4300,83,22,61,1528252778,NULL),(4301,83,133,387,1528252788,NULL),(4302,83,134,392,1528252798,NULL),(4303,83,135,395,1528252808,NULL),(4304,83,136,397,1528252818,NULL),(4305,83,137,399,1528252828,NULL),(4306,83,138,404,1528252838,NULL),(4307,83,139,407,1528252848,NULL),(4308,83,140,409,1528252858,NULL),(4309,83,141,413,1528252868,NULL),(4310,83,142,415,1528252878,NULL),(4311,83,143,418,1528252888,NULL),(4312,83,144,421,1528252898,NULL),(4313,83,145,425,1528252908,NULL),(4314,83,146,428,1528252918,NULL),(4315,83,147,430,1528252928,NULL),(4316,83,148,433,1528252938,NULL),(4317,83,149,435,1528252948,NULL),(4318,83,150,440,1528252958,NULL),(4319,83,151,443,1528252968,NULL),(4320,83,152,446,1528252978,NULL),(4321,83,153,449,1528252988,NULL),(4322,83,154,452,1528252998,NULL),(4323,83,155,454,1528253008,NULL),(4324,83,156,457,1528253018,NULL),(4325,83,157,460,1528253028,NULL),(4326,83,158,463,1528253038,NULL),(4327,83,159,467,1528253048,NULL),(4328,83,160,468,1528253058,NULL),(4329,83,161,471,1528253068,NULL),(4330,83,162,474,1528253078,NULL),(4331,83,163,478,1528253088,NULL),(4332,83,164,481,1528253098,NULL),(4333,83,165,484,1528253108,NULL),(4334,83,166,488,1528253118,NULL),(4335,83,167,491,1528253128,NULL),(4336,83,168,492,1528253138,NULL),(4337,83,169,496,1528253148,NULL),(4338,83,170,498,1528253158,NULL),(4339,83,171,501,1528253168,NULL),(4340,83,172,505,1528253178,NULL),(4341,83,173,507,1528253188,NULL),(4342,83,174,511,1528253198,NULL),(4343,83,175,515,1528253208,NULL),(4344,83,176,517,1528253218,NULL),(4345,83,177,521,1528253228,NULL),(4346,83,178,522,1528253238,NULL),(4347,83,179,525,1528253248,NULL),(4348,83,180,529,1528253258,NULL),(4349,83,181,532,1528253268,NULL),(4350,83,182,534,1528253278,NULL),(4351,84,10,27,1528252688,NULL),(4352,84,11,31,1528252698,NULL),(4353,84,13,36,1528252708,NULL),(4354,84,14,39,1528252718,NULL),(4355,84,15,41,1528252728,NULL),(4356,84,16,46,1528252738,NULL),(4357,84,19,53,1528252748,NULL),(4358,84,20,55,1528252758,NULL),(4359,84,21,59,1528252768,NULL),(4360,84,22,62,1528252778,NULL),(4361,84,133,387,1528252788,NULL),(4362,84,134,392,1528252798,NULL),(4363,84,135,393,1528252808,NULL),(4364,84,136,396,1528252818,NULL),(4365,84,137,401,1528252828,NULL),(4366,84,138,404,1528252838,NULL),(4367,84,139,406,1528252848,NULL),(4368,84,140,409,1528252858,NULL),(4369,84,141,411,1528252868,NULL),(4370,84,142,415,1528252878,NULL),(4371,84,143,417,1528252888,NULL),(4372,84,144,420,1528252898,NULL),(4373,84,145,423,1528252908,NULL),(4374,84,146,428,1528252918,NULL),(4375,84,147,431,1528252928,NULL),(4376,84,148,432,1528252938,NULL),(4377,84,149,437,1528252948,NULL),(4378,84,150,439,1528252958,NULL),(4379,84,151,441,1528252968,NULL),(4380,84,152,445,1528252978,NULL),(4381,84,153,447,1528252988,NULL),(4382,84,154,450,1528252998,NULL),(4383,84,155,454,1528253008,NULL),(4384,84,156,457,1528253018,NULL),(4385,84,157,460,1528253028,NULL),(4386,84,158,463,1528253038,NULL),(4387,84,159,466,1528253048,NULL),(4388,84,160,469,1528253058,NULL),(4389,84,161,473,1528253068,NULL),(4390,84,162,475,1528253078,NULL),(4391,84,163,478,1528253088,NULL),(4392,84,164,482,1528253098,NULL),(4393,84,165,484,1528253108,NULL),(4394,84,166,486,1528253118,NULL),(4395,84,167,491,1528253128,NULL),(4396,84,168,494,1528253138,NULL),(4397,84,169,497,1528253148,NULL),(4398,84,170,498,1528253158,NULL),(4399,84,171,503,1528253168,NULL),(4400,84,172,505,1528253178,NULL),(4401,84,173,508,1528253188,NULL),(4402,84,174,511,1528253198,NULL),(4403,84,175,513,1528253208,NULL),(4404,84,176,516,1528253218,NULL),(4405,84,177,520,1528253228,NULL),(4406,84,178,524,1528253238,NULL),(4407,84,179,527,1528253248,NULL),(4408,84,180,528,1528253258,NULL),(4409,84,181,532,1528253268,NULL),(4410,84,182,534,1528253278,NULL),(4411,85,10,28,1528252688,NULL),(4412,85,11,31,1528252698,NULL),(4413,85,13,35,1528252708,NULL),(4414,85,14,40,1528252718,NULL),(4415,85,15,43,1528252728,NULL),(4416,85,16,44,1528252738,NULL),(4417,85,19,52,1528252748,NULL),(4418,85,20,54,1528252758,NULL),(4419,85,21,57,1528252768,NULL),(4420,85,22,61,1528252778,NULL),(4421,85,133,389,1528252788,NULL),(4422,85,134,392,1528252798,NULL),(4423,85,135,393,1528252808,NULL),(4424,85,136,397,1528252818,NULL),(4425,85,137,401,1528252828,NULL),(4426,85,138,402,1528252838,NULL),(4427,85,139,407,1528252848,NULL),(4428,85,140,408,1528252858,NULL),(4429,85,141,412,1528252868,NULL),(4430,85,142,414,1528252878,NULL),(4431,85,143,418,1528252888,NULL),(4432,85,144,422,1528252898,NULL),(4433,85,145,424,1528252908,NULL),(4434,85,146,426,1528252918,NULL),(4435,85,147,429,1528252928,NULL),(4436,85,148,433,1528252938,NULL),(4437,85,149,435,1528252948,NULL),(4438,85,150,438,1528252958,NULL),(4439,85,151,443,1528252968,NULL),(4440,85,152,446,1528252978,NULL),(4441,85,153,449,1528252988,NULL),(4442,85,154,450,1528252998,NULL),(4443,85,155,453,1528253008,NULL),(4444,85,156,458,1528253018,NULL),(4445,85,157,461,1528253028,NULL),(4446,85,158,464,1528253038,NULL),(4447,85,159,467,1528253048,NULL),(4448,85,160,470,1528253058,NULL),(4449,85,161,472,1528253068,NULL),(4450,85,162,476,1528253078,NULL),(4451,85,163,477,1528253088,NULL),(4452,85,164,481,1528253098,NULL),(4453,85,165,484,1528253108,NULL),(4454,85,166,488,1528253118,NULL),(4455,85,167,491,1528253128,NULL),(4456,85,168,493,1528253138,NULL),(4457,85,169,495,1528253148,NULL),(4458,85,170,498,1528253158,NULL),(4459,85,171,501,1528253168,NULL),(4460,85,172,504,1528253178,NULL),(4461,85,173,507,1528253188,NULL),(4462,85,174,512,1528253198,NULL),(4463,85,175,513,1528253208,NULL),(4464,85,176,517,1528253218,NULL),(4465,85,177,520,1528253228,NULL),(4466,85,178,523,1528253238,NULL),(4467,85,179,527,1528253248,NULL),(4468,85,180,529,1528253258,NULL),(4469,85,181,531,1528253268,NULL),(4470,85,182,533,1528253278,NULL),(4471,86,10,28,1528252688,NULL),(4472,86,11,29,1528252698,NULL),(4473,86,13,37,1528252708,NULL),(4474,86,14,38,1528252718,NULL),(4475,86,15,42,1528252728,NULL),(4476,86,16,46,1528252738,NULL),(4477,86,19,53,1528252748,NULL),(4478,86,20,54,1528252758,NULL),(4479,86,21,58,1528252768,NULL),(4480,86,22,60,1528252778,NULL),(4481,86,133,387,1528252788,NULL),(4482,86,134,391,1528252798,NULL),(4483,86,135,393,1528252808,NULL),(4484,86,136,398,1528252818,NULL),(4485,86,137,399,1528252828,NULL),(4486,86,138,403,1528252838,NULL),(4487,86,139,406,1528252848,NULL),(4488,86,140,409,1528252858,NULL),(4489,86,141,412,1528252868,NULL),(4490,86,142,415,1528252878,NULL),(4491,86,143,418,1528252888,NULL),(4492,86,144,421,1528252898,NULL),(4493,86,145,425,1528252908,NULL),(4494,86,146,427,1528252918,NULL),(4495,86,147,431,1528252928,NULL),(4496,86,148,434,1528252938,NULL),(4497,86,149,435,1528252948,NULL),(4498,86,150,438,1528252958,NULL),(4499,86,151,441,1528252968,NULL),(4500,86,152,446,1528252978,NULL),(4501,86,153,447,1528252988,NULL),(4502,86,154,450,1528252998,NULL),(4503,86,155,455,1528253008,NULL),(4504,86,156,457,1528253018,NULL),(4505,86,157,459,1528253028,NULL),(4506,86,158,463,1528253038,NULL),(4507,86,159,465,1528253048,NULL),(4508,86,160,469,1528253058,NULL),(4509,86,161,472,1528253068,NULL),(4510,86,162,476,1528253078,NULL),(4511,86,163,477,1528253088,NULL),(4512,86,164,482,1528253098,NULL),(4513,86,165,484,1528253108,NULL),(4514,86,166,488,1528253118,NULL),(4515,86,167,490,1528253128,NULL),(4516,86,168,494,1528253138,NULL),(4517,86,169,497,1528253148,NULL),(4518,86,170,499,1528253158,NULL),(4519,86,171,501,1528253168,NULL),(4520,86,172,504,1528253178,NULL),(4521,86,173,507,1528253188,NULL),(4522,86,174,511,1528253198,NULL),(4523,86,175,515,1528253208,NULL),(4524,86,176,518,1528253218,NULL),(4525,86,177,519,1528253228,NULL),(4526,86,178,522,1528253238,NULL),(4527,86,179,525,1528253248,NULL),(4528,86,180,529,1528253258,NULL),(4529,86,181,532,1528253268,NULL),(4530,86,182,534,1528253278,NULL),(4531,87,10,28,1528252688,NULL),(4532,87,11,30,1528252698,NULL),(4533,87,13,36,1528252708,NULL),(4534,87,14,39,1528252718,NULL),(4535,87,15,41,1528252728,NULL),(4536,87,16,46,1528252738,NULL),(4537,87,19,52,1528252748,NULL),(4538,87,20,56,1528252758,NULL),(4539,87,21,59,1528252768,NULL),(4540,87,22,60,1528252778,NULL),(4541,87,133,388,1528252788,NULL),(4542,87,134,391,1528252798,NULL),(4543,87,135,394,1528252808,NULL),(4544,87,136,397,1528252818,NULL),(4545,87,137,401,1528252828,NULL),(4546,87,138,403,1528252838,NULL),(4547,87,139,407,1528252848,NULL),(4548,87,140,410,1528252858,NULL),(4549,87,141,411,1528252868,NULL),(4550,87,142,415,1528252878,NULL),(4551,87,143,418,1528252888,NULL),(4552,87,144,420,1528252898,NULL),(4553,87,145,424,1528252908,NULL),(4554,87,146,427,1528252918,NULL),(4555,87,147,430,1528252928,NULL),(4556,87,148,434,1528252938,NULL),(4557,87,149,435,1528252948,NULL),(4558,87,150,438,1528252958,NULL),(4559,87,151,443,1528252968,NULL),(4560,87,152,445,1528252978,NULL),(4561,87,153,447,1528252988,NULL),(4562,87,154,452,1528252998,NULL),(4563,87,155,455,1528253008,NULL),(4564,87,156,456,1528253018,NULL),(4565,87,157,459,1528253028,NULL),(4566,87,158,462,1528253038,NULL),(4567,87,159,466,1528253048,NULL),(4568,87,160,470,1528253058,NULL),(4569,87,161,471,1528253068,NULL),(4570,87,162,475,1528253078,NULL),(4571,87,163,478,1528253088,NULL),(4572,87,164,480,1528253098,NULL),(4573,87,165,483,1528253108,NULL),(4574,87,166,488,1528253118,NULL),(4575,87,167,489,1528253128,NULL),(4576,87,168,493,1528253138,NULL),(4577,87,169,497,1528253148,NULL),(4578,87,170,500,1528253158,NULL),(4579,87,171,502,1528253168,NULL),(4580,87,172,506,1528253178,NULL),(4581,87,173,509,1528253188,NULL),(4582,87,174,510,1528253198,NULL),(4583,87,175,515,1528253208,NULL),(4584,87,176,517,1528253218,NULL),(4585,87,177,520,1528253228,NULL),(4586,87,178,524,1528253238,NULL),(4587,87,179,527,1528253248,NULL),(4588,87,180,528,1528253258,NULL),(4589,87,181,531,1528253268,NULL),(4590,87,182,534,1528253278,NULL),(4591,88,10,27,1528252688,NULL),(4592,88,11,31,1528252698,NULL),(4593,88,13,35,1528252708,NULL),(4594,88,14,39,1528252718,NULL),(4595,88,15,42,1528252728,NULL),(4596,88,16,44,1528252738,NULL),(4597,88,19,52,1528252748,NULL),(4598,88,20,56,1528252758,NULL),(4599,88,21,58,1528252768,NULL),(4600,88,22,61,1528252778,NULL),(4601,88,133,388,1528252788,NULL),(4602,88,134,390,1528252798,NULL),(4603,88,135,394,1528252808,NULL),(4604,88,136,398,1528252818,NULL),(4605,88,137,401,1528252828,NULL),(4606,88,138,403,1528252838,NULL),(4607,88,139,406,1528252848,NULL),(4608,88,140,409,1528252858,NULL),(4609,88,141,411,1528252868,NULL),(4610,88,142,415,1528252878,NULL),(4611,88,143,419,1528252888,NULL),(4612,88,144,420,1528252898,NULL),(4613,88,145,425,1528252908,NULL),(4614,88,146,426,1528252918,NULL),(4615,88,147,429,1528252928,NULL),(4616,88,148,433,1528252938,NULL),(4617,88,149,435,1528252948,NULL),(4618,88,150,439,1528252958,NULL),(4619,88,151,443,1528252968,NULL),(4620,88,152,446,1528252978,NULL),(4621,88,153,447,1528252988,NULL),(4622,88,154,450,1528252998,NULL),(4623,88,155,454,1528253008,NULL),(4624,88,156,458,1528253018,NULL),(4625,88,157,459,1528253028,NULL),(4626,88,158,462,1528253038,NULL),(4627,88,159,467,1528253048,NULL),(4628,88,160,469,1528253058,NULL),(4629,88,161,472,1528253068,NULL),(4630,88,162,475,1528253078,NULL),(4631,88,163,477,1528253088,NULL),(4632,88,164,480,1528253098,NULL),(4633,88,165,483,1528253108,NULL),(4634,88,166,486,1528253118,NULL),(4635,88,167,489,1528253128,NULL),(4636,88,168,494,1528253138,NULL),(4637,88,169,495,1528253148,NULL),(4638,88,170,500,1528253158,NULL),(4639,88,171,503,1528253168,NULL),(4640,88,172,505,1528253178,NULL),(4641,88,173,507,1528253188,NULL),(4642,88,174,510,1528253198,NULL),(4643,88,175,514,1528253208,NULL),(4644,88,176,516,1528253218,NULL),(4645,88,177,520,1528253228,NULL),(4646,88,178,522,1528253238,NULL),(4647,88,179,525,1528253248,NULL),(4648,88,180,529,1528253258,NULL),(4649,88,181,531,1528253268,NULL),(4650,88,182,533,1528253278,NULL),(4651,89,10,27,1528252688,NULL),(4652,89,11,31,1528252698,NULL),(4653,89,13,37,1528252708,NULL),(4654,89,14,39,1528252718,NULL),(4655,89,15,41,1528252728,NULL),(4656,89,16,46,1528252738,NULL),(4657,89,19,53,1528252748,NULL),(4658,89,20,56,1528252758,NULL),(4659,89,21,58,1528252768,NULL),(4660,89,22,60,1528252778,NULL),(4661,89,133,387,1528252788,NULL),(4662,89,134,392,1528252798,NULL),(4663,89,135,395,1528252808,NULL),(4664,89,136,397,1528252818,NULL),(4665,89,137,399,1528252828,NULL),(4666,89,138,404,1528252838,NULL),(4667,89,139,405,1528252848,NULL),(4668,89,140,410,1528252858,NULL),(4669,89,141,413,1528252868,NULL),(4670,89,142,415,1528252878,NULL),(4671,89,143,417,1528252888,NULL),(4672,89,144,420,1528252898,NULL),(4673,89,145,425,1528252908,NULL),(4674,89,146,428,1528252918,NULL),(4675,89,147,431,1528252928,NULL),(4676,89,148,433,1528252938,NULL),(4677,89,149,435,1528252948,NULL),(4678,89,150,440,1528252958,NULL),(4679,89,151,442,1528252968,NULL),(4680,89,152,446,1528252978,NULL),(4681,89,153,447,1528252988,NULL),(4682,89,154,450,1528252998,NULL),(4683,89,155,454,1528253008,NULL),(4684,89,156,457,1528253018,NULL),(4685,89,157,459,1528253028,NULL),(4686,89,158,463,1528253038,NULL),(4687,89,159,466,1528253048,NULL),(4688,89,160,468,1528253058,NULL),(4689,89,161,471,1528253068,NULL),(4690,89,162,476,1528253078,NULL),(4691,89,163,478,1528253088,NULL),(4692,89,164,481,1528253098,NULL),(4693,89,165,483,1528253108,NULL),(4694,89,166,486,1528253118,NULL),(4695,89,167,489,1528253128,NULL),(4696,89,168,493,1528253138,NULL),(4697,89,169,495,1528253148,NULL),(4698,89,170,499,1528253158,NULL),(4699,89,171,503,1528253168,NULL),(4700,89,172,505,1528253178,NULL),(4701,89,173,508,1528253188,NULL),(4702,89,174,510,1528253198,NULL),(4703,89,175,514,1528253208,NULL),(4704,89,176,518,1528253218,NULL),(4705,89,177,519,1528253228,NULL),(4706,89,178,522,1528253238,NULL),(4707,89,179,525,1528253248,NULL),(4708,89,180,530,1528253258,NULL),(4709,89,181,531,1528253268,NULL),(4710,89,182,533,1528253278,NULL),(4711,90,10,28,1528252688,NULL),(4712,90,11,29,1528252698,NULL),(4713,90,13,36,1528252708,NULL),(4714,90,14,39,1528252718,NULL),(4715,90,15,41,1528252728,NULL),(4716,90,16,45,1528252738,NULL),(4717,90,19,52,1528252748,NULL),(4718,90,20,55,1528252758,NULL),(4719,90,21,59,1528252768,NULL),(4720,90,22,60,1528252778,NULL),(4721,90,133,388,1528252788,NULL),(4722,90,134,391,1528252798,NULL),(4723,90,135,394,1528252808,NULL),(4724,90,136,396,1528252818,NULL),(4725,90,137,400,1528252828,NULL),(4726,90,138,403,1528252838,NULL),(4727,90,139,407,1528252848,NULL),(4728,90,140,410,1528252858,NULL),(4729,90,141,412,1528252868,NULL),(4730,90,142,416,1528252878,NULL),(4731,90,143,419,1528252888,NULL),(4732,90,144,421,1528252898,NULL),(4733,90,145,424,1528252908,NULL),(4734,90,146,427,1528252918,NULL),(4735,90,147,430,1528252928,NULL),(4736,90,148,433,1528252938,NULL),(4737,90,149,436,1528252948,NULL),(4738,90,150,439,1528252958,NULL),(4739,90,151,442,1528252968,NULL),(4740,90,152,445,1528252978,NULL),(4741,90,153,448,1528252988,NULL),(4742,90,154,451,1528252998,NULL),(4743,90,155,453,1528253008,NULL),(4744,90,156,458,1528253018,NULL),(4745,90,157,461,1528253028,NULL),(4746,90,158,463,1528253038,NULL),(4747,90,159,465,1528253048,NULL),(4748,90,160,470,1528253058,NULL),(4749,90,161,472,1528253068,NULL),(4750,90,162,475,1528253078,NULL),(4751,90,163,478,1528253088,NULL),(4752,90,164,481,1528253098,NULL),(4753,90,165,484,1528253108,NULL),(4754,90,166,488,1528253118,NULL),(4755,90,167,489,1528253128,NULL),(4756,90,168,493,1528253138,NULL),(4757,90,169,495,1528253148,NULL),(4758,90,170,498,1528253158,NULL),(4759,90,171,502,1528253168,NULL),(4760,90,172,505,1528253178,NULL),(4761,90,173,508,1528253188,NULL),(4762,90,174,511,1528253198,NULL),(4763,90,175,515,1528253208,NULL),(4764,90,176,516,1528253218,NULL),(4765,90,177,519,1528253228,NULL),(4766,90,178,523,1528253238,NULL),(4767,90,179,526,1528253248,NULL),(4768,90,180,528,1528253258,NULL),(4769,90,181,531,1528253268,NULL),(4770,90,182,533,1528253278,NULL),(4771,91,10,27,1528252688,NULL),(4772,91,11,30,1528252698,NULL),(4773,91,13,37,1528252708,NULL),(4774,91,14,39,1528252718,NULL),(4775,91,15,43,1528252728,NULL),(4776,91,16,44,1528252738,NULL),(4777,91,19,52,1528252748,NULL),(4778,91,20,54,1528252758,NULL),(4779,91,21,59,1528252768,NULL),(4780,91,22,60,1528252778,NULL),(4781,91,133,388,1528252788,NULL),(4782,91,134,390,1528252798,NULL),(4783,91,135,394,1528252808,NULL),(4784,91,136,396,1528252818,NULL),(4785,91,137,401,1528252828,NULL),(4786,91,138,404,1528252838,NULL),(4787,91,139,406,1528252848,NULL),(4788,91,140,409,1528252858,NULL),(4789,91,141,413,1528252868,NULL),(4790,91,142,414,1528252878,NULL),(4791,91,143,417,1528252888,NULL),(4792,91,144,422,1528252898,NULL),(4793,91,145,424,1528252908,NULL),(4794,91,146,427,1528252918,NULL),(4795,91,147,430,1528252928,NULL),(4796,91,148,433,1528252938,NULL),(4797,91,149,437,1528252948,NULL),(4798,91,150,439,1528252958,NULL),(4799,91,151,442,1528252968,NULL),(4800,91,152,444,1528252978,NULL),(4801,91,153,448,1528252988,NULL),(4802,91,154,450,1528252998,NULL),(4803,91,155,455,1528253008,NULL),(4804,91,156,457,1528253018,NULL),(4805,91,157,461,1528253028,NULL),(4806,91,158,462,1528253038,NULL),(4807,91,159,467,1528253048,NULL),(4808,91,160,470,1528253058,NULL),(4809,91,161,471,1528253068,NULL),(4810,91,162,474,1528253078,NULL),(4811,91,163,477,1528253088,NULL),(4812,91,164,482,1528253098,NULL),(4813,91,165,484,1528253108,NULL),(4814,91,166,488,1528253118,NULL),(4815,91,167,491,1528253128,NULL),(4816,91,168,492,1528253138,NULL),(4817,91,169,497,1528253148,NULL),(4818,91,170,498,1528253158,NULL),(4819,91,171,502,1528253168,NULL),(4820,91,172,505,1528253178,NULL),(4821,91,173,509,1528253188,NULL),(4822,91,174,510,1528253198,NULL),(4823,91,175,514,1528253208,NULL),(4824,91,176,518,1528253218,NULL),(4825,91,177,519,1528253228,NULL),(4826,91,178,523,1528253238,NULL),(4827,91,179,527,1528253248,NULL),(4828,91,180,529,1528253258,NULL),(4829,91,181,532,1528253268,NULL),(4830,91,182,533,1528253278,NULL),(4831,92,10,28,1528252688,NULL),(4832,92,11,31,1528252698,NULL),(4833,92,13,35,1528252708,NULL),(4834,92,14,40,1528252718,NULL),(4835,92,15,42,1528252728,NULL),(4836,92,16,44,1528252738,NULL),(4837,92,19,53,1528252748,NULL),(4838,92,20,56,1528252758,NULL),(4839,92,21,58,1528252768,NULL),(4840,92,22,62,1528252778,NULL),(4841,92,133,387,1528252788,NULL),(4842,92,134,392,1528252798,NULL),(4843,92,135,395,1528252808,NULL),(4844,92,136,396,1528252818,NULL),(4845,92,137,399,1528252828,NULL),(4846,92,138,402,1528252838,NULL),(4847,92,139,405,1528252848,NULL),(4848,92,140,409,1528252858,NULL),(4849,92,141,411,1528252868,NULL),(4850,92,142,416,1528252878,NULL),(4851,92,143,417,1528252888,NULL),(4852,92,144,421,1528252898,NULL),(4853,92,145,423,1528252908,NULL),(4854,92,146,426,1528252918,NULL),(4855,92,147,431,1528252928,NULL),(4856,92,148,433,1528252938,NULL),(4857,92,149,435,1528252948,NULL),(4858,92,150,440,1528252958,NULL),(4859,92,151,442,1528252968,NULL),(4860,92,152,445,1528252978,NULL),(4861,92,153,449,1528252988,NULL),(4862,92,154,452,1528252998,NULL),(4863,92,155,455,1528253008,NULL),(4864,92,156,456,1528253018,NULL),(4865,92,157,461,1528253028,NULL),(4866,92,158,463,1528253038,NULL),(4867,92,159,465,1528253048,NULL),(4868,92,160,470,1528253058,NULL),(4869,92,161,473,1528253068,NULL),(4870,92,162,476,1528253078,NULL),(4871,92,163,479,1528253088,NULL),(4872,92,164,482,1528253098,NULL),(4873,92,165,483,1528253108,NULL),(4874,92,166,488,1528253118,NULL),(4875,92,167,491,1528253128,NULL),(4876,92,168,492,1528253138,NULL),(4877,92,169,496,1528253148,NULL),(4878,92,170,499,1528253158,NULL),(4879,92,171,501,1528253168,NULL),(4880,92,172,504,1528253178,NULL),(4881,92,173,508,1528253188,NULL),(4882,92,174,510,1528253198,NULL),(4883,92,175,515,1528253208,NULL),(4884,92,176,516,1528253218,NULL),(4885,92,177,519,1528253228,NULL),(4886,92,178,524,1528253238,NULL),(4887,92,179,527,1528253248,NULL),(4888,92,180,530,1528253258,NULL),(4889,92,181,531,1528253268,NULL),(4890,92,182,534,1528253278,NULL),(4891,93,10,27,1528252688,NULL),(4892,93,11,31,1528252698,NULL),(4893,93,13,37,1528252708,NULL),(4894,93,14,40,1528252718,NULL),(4895,93,15,43,1528252728,NULL),(4896,93,16,45,1528252738,NULL),(4897,93,19,52,1528252748,NULL),(4898,93,20,55,1528252758,NULL),(4899,93,21,57,1528252768,NULL),(4900,93,22,61,1528252778,NULL),(4901,93,133,389,1528252788,NULL),(4902,93,134,391,1528252798,NULL),(4903,93,135,394,1528252808,NULL),(4904,93,136,398,1528252818,NULL),(4905,93,137,401,1528252828,NULL),(4906,93,138,404,1528252838,NULL),(4907,93,139,406,1528252848,NULL),(4908,93,140,410,1528252858,NULL),(4909,93,141,413,1528252868,NULL),(4910,93,142,415,1528252878,NULL),(4911,93,143,417,1528252888,NULL),(4912,93,144,420,1528252898,NULL),(4913,93,145,425,1528252908,NULL),(4914,93,146,426,1528252918,NULL),(4915,93,147,431,1528252928,NULL),(4916,93,148,434,1528252938,NULL),(4917,93,149,436,1528252948,NULL),(4918,93,150,438,1528252958,NULL),(4919,93,151,441,1528252968,NULL),(4920,93,152,444,1528252978,NULL),(4921,93,153,448,1528252988,NULL),(4922,93,154,451,1528252998,NULL),(4923,93,155,455,1528253008,NULL),(4924,93,156,456,1528253018,NULL),(4925,93,157,461,1528253028,NULL),(4926,93,158,464,1528253038,NULL),(4927,93,159,466,1528253048,NULL),(4928,93,160,470,1528253058,NULL),(4929,93,161,473,1528253068,NULL),(4930,93,162,476,1528253078,NULL),(4931,93,163,478,1528253088,NULL),(4932,93,164,482,1528253098,NULL),(4933,93,165,484,1528253108,NULL),(4934,93,166,486,1528253118,NULL),(4935,93,167,489,1528253128,NULL),(4936,93,168,494,1528253138,NULL),(4937,93,169,496,1528253148,NULL),(4938,93,170,500,1528253158,NULL),(4939,93,171,502,1528253168,NULL),(4940,93,172,505,1528253178,NULL),(4941,93,173,509,1528253188,NULL),(4942,93,174,510,1528253198,NULL),(4943,93,175,515,1528253208,NULL),(4944,93,176,518,1528253218,NULL),(4945,93,177,521,1528253228,NULL),(4946,93,178,522,1528253238,NULL),(4947,93,179,527,1528253248,NULL),(4948,93,180,530,1528253258,NULL),(4949,93,181,532,1528253268,NULL),(4950,93,182,533,1528253278,NULL),(4951,94,10,28,1528252688,NULL),(4952,94,11,30,1528252698,NULL),(4953,94,13,36,1528252708,NULL),(4954,94,14,38,1528252718,NULL),(4955,94,15,41,1528252728,NULL),(4956,94,16,46,1528252738,NULL),(4957,94,19,53,1528252748,NULL),(4958,94,20,55,1528252758,NULL),(4959,94,21,57,1528252768,NULL),(4960,94,22,60,1528252778,NULL),(4961,94,133,387,1528252788,NULL),(4962,94,134,392,1528252798,NULL),(4963,94,135,393,1528252808,NULL),(4964,94,136,398,1528252818,NULL),(4965,94,137,401,1528252828,NULL),(4966,94,138,402,1528252838,NULL),(4967,94,139,407,1528252848,NULL),(4968,94,140,410,1528252858,NULL),(4969,94,141,413,1528252868,NULL),(4970,94,142,416,1528252878,NULL),(4971,94,143,417,1528252888,NULL),(4972,94,144,421,1528252898,NULL),(4973,94,145,425,1528252908,NULL),(4974,94,146,426,1528252918,NULL),(4975,94,147,429,1528252928,NULL),(4976,94,148,432,1528252938,NULL),(4977,94,149,437,1528252948,NULL),(4978,94,150,438,1528252958,NULL),(4979,94,151,443,1528252968,NULL),(4980,94,152,446,1528252978,NULL),(4981,94,153,448,1528252988,NULL),(4982,94,154,450,1528252998,NULL),(4983,94,155,455,1528253008,NULL),(4984,94,156,456,1528253018,NULL),(4985,94,157,460,1528253028,NULL),(4986,94,158,463,1528253038,NULL),(4987,94,159,466,1528253048,NULL),(4988,94,160,469,1528253058,NULL),(4989,94,161,471,1528253068,NULL),(4990,94,162,476,1528253078,NULL),(4991,94,163,479,1528253088,NULL),(4992,94,164,482,1528253098,NULL),(4993,94,165,484,1528253108,NULL),(4994,94,166,486,1528253118,NULL),(4995,94,167,490,1528253128,NULL),(4996,94,168,492,1528253138,NULL),(4997,94,169,496,1528253148,NULL),(4998,94,170,500,1528253158,NULL),(4999,94,171,501,1528253168,NULL),(5000,94,172,506,1528253178,NULL),(5001,94,173,509,1528253188,NULL),(5002,94,174,512,1528253198,NULL),(5003,94,175,514,1528253208,NULL),(5004,94,176,516,1528253218,NULL),(5005,94,177,519,1528253228,NULL),(5006,94,178,524,1528253238,NULL),(5007,94,179,527,1528253248,NULL),(5008,94,180,530,1528253258,NULL),(5009,94,181,531,1528253268,NULL),(5010,94,182,534,1528253278,NULL),(5011,95,10,28,1528252688,NULL),(5012,95,11,29,1528252698,NULL),(5013,95,13,35,1528252708,NULL),(5014,95,14,38,1528252718,NULL),(5015,95,15,41,1528252728,NULL),(5016,95,16,46,1528252738,NULL),(5017,95,19,53,1528252748,NULL),(5018,95,20,54,1528252758,NULL),(5019,95,21,57,1528252768,NULL),(5020,95,22,61,1528252778,NULL),(5021,95,133,387,1528252788,NULL),(5022,95,134,390,1528252798,NULL),(5023,95,135,393,1528252808,NULL),(5024,95,136,396,1528252818,NULL),(5025,95,137,400,1528252828,NULL),(5026,95,138,402,1528252838,NULL),(5027,95,139,405,1528252848,NULL),(5028,95,140,410,1528252858,NULL),(5029,95,141,412,1528252868,NULL),(5030,95,142,415,1528252878,NULL),(5031,95,143,419,1528252888,NULL),(5032,95,144,421,1528252898,NULL),(5033,95,145,425,1528252908,NULL),(5034,95,146,428,1528252918,NULL),(5035,95,147,431,1528252928,NULL),(5036,95,148,432,1528252938,NULL),(5037,95,149,437,1528252948,NULL),(5038,95,150,438,1528252958,NULL),(5039,95,151,441,1528252968,NULL),(5040,95,152,445,1528252978,NULL),(5041,95,153,447,1528252988,NULL),(5042,95,154,452,1528252998,NULL),(5043,95,155,454,1528253008,NULL),(5044,95,156,458,1528253018,NULL),(5045,95,157,461,1528253028,NULL),(5046,95,158,462,1528253038,NULL),(5047,95,159,466,1528253048,NULL),(5048,95,160,468,1528253058,NULL),(5049,95,161,473,1528253068,NULL),(5050,95,162,474,1528253078,NULL),(5051,95,163,479,1528253088,NULL),(5052,95,164,481,1528253098,NULL),(5053,95,165,485,1528253108,NULL),(5054,95,166,488,1528253118,NULL),(5055,95,167,489,1528253128,NULL),(5056,95,168,494,1528253138,NULL),(5057,95,169,496,1528253148,NULL),(5058,95,170,499,1528253158,NULL),(5059,95,171,501,1528253168,NULL),(5060,95,172,506,1528253178,NULL),(5061,95,173,508,1528253188,NULL),(5062,95,174,512,1528253198,NULL),(5063,95,175,515,1528253208,NULL),(5064,95,176,516,1528253218,NULL),(5065,95,177,519,1528253228,NULL),(5066,95,178,522,1528253238,NULL),(5067,95,179,527,1528253248,NULL),(5068,95,180,529,1528253258,NULL),(5069,95,181,532,1528253268,NULL),(5070,95,182,533,1528253278,NULL),(5071,96,10,28,1528252688,NULL),(5072,96,11,31,1528252698,NULL),(5073,96,13,35,1528252708,NULL),(5074,96,14,39,1528252718,NULL),(5075,96,15,41,1528252728,NULL),(5076,96,16,44,1528252738,NULL),(5077,96,19,52,1528252748,NULL),(5078,96,20,55,1528252758,NULL),(5079,96,21,59,1528252768,NULL),(5080,96,22,61,1528252778,NULL),(5081,96,133,389,1528252788,NULL),(5082,96,134,392,1528252798,NULL),(5083,96,135,395,1528252808,NULL),(5084,96,136,397,1528252818,NULL),(5085,96,137,400,1528252828,NULL),(5086,96,138,402,1528252838,NULL),(5087,96,139,407,1528252848,NULL),(5088,96,140,409,1528252858,NULL),(5089,96,141,412,1528252868,NULL),(5090,96,142,414,1528252878,NULL),(5091,96,143,417,1528252888,NULL),(5092,96,144,421,1528252898,NULL),(5093,96,145,423,1528252908,NULL),(5094,96,146,426,1528252918,NULL),(5095,96,147,430,1528252928,NULL),(5096,96,148,434,1528252938,NULL),(5097,96,149,436,1528252948,NULL),(5098,96,150,440,1528252958,NULL),(5099,96,151,441,1528252968,NULL),(5100,96,152,444,1528252978,NULL),(5101,96,153,448,1528252988,NULL),(5102,96,154,452,1528252998,NULL),(5103,96,155,455,1528253008,NULL),(5104,96,156,456,1528253018,NULL),(5105,96,157,460,1528253028,NULL),(5106,96,158,462,1528253038,NULL),(5107,96,159,466,1528253048,NULL),(5108,96,160,469,1528253058,NULL),(5109,96,161,471,1528253068,NULL),(5110,96,162,475,1528253078,NULL),(5111,96,163,479,1528253088,NULL),(5112,96,164,482,1528253098,NULL),(5113,96,165,483,1528253108,NULL),(5114,96,166,486,1528253118,NULL),(5115,96,167,489,1528253128,NULL),(5116,96,168,493,1528253138,NULL),(5117,96,169,497,1528253148,NULL),(5118,96,170,498,1528253158,NULL),(5119,96,171,502,1528253168,NULL),(5120,96,172,504,1528253178,NULL),(5121,96,173,508,1528253188,NULL),(5122,96,174,510,1528253198,NULL),(5123,96,175,514,1528253208,NULL),(5124,96,176,516,1528253218,NULL),(5125,96,177,521,1528253228,NULL),(5126,96,178,523,1528253238,NULL),(5127,96,179,525,1528253248,NULL),(5128,96,180,530,1528253258,NULL),(5129,96,181,532,1528253268,NULL),(5130,96,182,534,1528253278,NULL),(5131,97,10,28,1528252688,NULL),(5132,97,11,31,1528252698,NULL),(5133,97,13,35,1528252708,NULL),(5134,97,14,40,1528252718,NULL),(5135,97,15,42,1528252728,NULL),(5136,97,16,45,1528252738,NULL),(5137,97,19,53,1528252748,NULL),(5138,97,20,54,1528252758,NULL),(5139,97,21,58,1528252768,NULL),(5140,97,22,61,1528252778,NULL),(5141,97,133,388,1528252788,NULL),(5142,97,134,390,1528252798,NULL),(5143,97,135,393,1528252808,NULL),(5144,97,136,396,1528252818,NULL),(5145,97,137,400,1528252828,NULL),(5146,97,138,403,1528252838,NULL),(5147,97,139,406,1528252848,NULL),(5148,97,140,408,1528252858,NULL),(5149,97,141,412,1528252868,NULL),(5150,97,142,415,1528252878,NULL),(5151,97,143,417,1528252888,NULL),(5152,97,144,421,1528252898,NULL),(5153,97,145,425,1528252908,NULL),(5154,97,146,428,1528252918,NULL),(5155,97,147,429,1528252928,NULL),(5156,97,148,432,1528252938,NULL),(5157,97,149,435,1528252948,NULL),(5158,97,150,440,1528252958,NULL),(5159,97,151,441,1528252968,NULL),(5160,97,152,445,1528252978,NULL),(5161,97,153,447,1528252988,NULL),(5162,97,154,451,1528252998,NULL),(5163,97,155,455,1528253008,NULL),(5164,97,156,457,1528253018,NULL),(5165,97,157,460,1528253028,NULL),(5166,97,158,462,1528253038,NULL),(5167,97,159,467,1528253048,NULL),(5168,97,160,469,1528253058,NULL),(5169,97,161,471,1528253068,NULL),(5170,97,162,474,1528253078,NULL),(5171,97,163,477,1528253088,NULL),(5172,97,164,481,1528253098,NULL),(5173,97,165,485,1528253108,NULL),(5174,97,166,487,1528253118,NULL),(5175,97,167,491,1528253128,NULL),(5176,97,168,493,1528253138,NULL),(5177,97,169,497,1528253148,NULL),(5178,97,170,498,1528253158,NULL),(5179,97,171,502,1528253168,NULL),(5180,97,172,506,1528253178,NULL),(5181,97,173,507,1528253188,NULL),(5182,97,174,511,1528253198,NULL),(5183,97,175,514,1528253208,NULL),(5184,97,176,517,1528253218,NULL),(5185,97,177,519,1528253228,NULL),(5186,97,178,523,1528253238,NULL),(5187,97,179,526,1528253248,NULL),(5188,97,180,530,1528253258,NULL),(5189,97,181,532,1528253268,NULL),(5190,97,182,533,1528253278,NULL),(5191,98,10,28,1528252688,NULL),(5192,98,11,31,1528252698,NULL),(5193,98,13,36,1528252708,NULL),(5194,98,14,39,1528252718,NULL),(5195,98,15,42,1528252728,NULL),(5196,98,16,44,1528252738,NULL),(5197,98,19,53,1528252748,NULL),(5198,98,20,55,1528252758,NULL),(5199,98,21,57,1528252768,NULL),(5200,98,22,62,1528252778,NULL),(5201,98,133,387,1528252788,NULL),(5202,98,134,392,1528252798,NULL),(5203,98,135,393,1528252808,NULL),(5204,98,136,398,1528252818,NULL),(5205,98,137,399,1528252828,NULL),(5206,98,138,404,1528252838,NULL),(5207,98,139,407,1528252848,NULL),(5208,98,140,409,1528252858,NULL),(5209,98,141,411,1528252868,NULL),(5210,98,142,414,1528252878,NULL),(5211,98,143,419,1528252888,NULL),(5212,98,144,421,1528252898,NULL),(5213,98,145,424,1528252908,NULL),(5214,98,146,427,1528252918,NULL),(5215,98,147,429,1528252928,NULL),(5216,98,148,434,1528252938,NULL),(5217,98,149,435,1528252948,NULL),(5218,98,150,438,1528252958,NULL),(5219,98,151,442,1528252968,NULL),(5220,98,152,445,1528252978,NULL),(5221,98,153,448,1528252988,NULL),(5222,98,154,450,1528252998,NULL),(5223,98,155,453,1528253008,NULL),(5224,98,156,458,1528253018,NULL),(5225,98,157,460,1528253028,NULL),(5226,98,158,464,1528253038,NULL),(5227,98,159,467,1528253048,NULL),(5228,98,160,468,1528253058,NULL),(5229,98,161,471,1528253068,NULL),(5230,98,162,474,1528253078,NULL),(5231,98,163,478,1528253088,NULL),(5232,98,164,482,1528253098,NULL),(5233,98,165,483,1528253108,NULL),(5234,98,166,487,1528253118,NULL),(5235,98,167,491,1528253128,NULL),(5236,98,168,492,1528253138,NULL),(5237,98,169,497,1528253148,NULL),(5238,98,170,499,1528253158,NULL),(5239,98,171,501,1528253168,NULL),(5240,98,172,506,1528253178,NULL),(5241,98,173,509,1528253188,NULL),(5242,98,174,511,1528253198,NULL),(5243,98,175,515,1528253208,NULL),(5244,98,176,518,1528253218,NULL),(5245,98,177,519,1528253228,NULL),(5246,98,178,522,1528253238,NULL),(5247,98,179,527,1528253248,NULL),(5248,98,180,528,1528253258,NULL),(5249,98,181,532,1528253268,NULL),(5250,98,182,534,1528253278,NULL),(5251,99,10,28,1528252688,NULL),(5252,99,11,29,1528252698,NULL),(5253,99,13,35,1528252708,NULL),(5254,99,14,38,1528252718,NULL),(5255,99,15,41,1528252728,NULL),(5256,99,16,45,1528252738,NULL),(5257,99,19,52,1528252748,NULL),(5258,99,20,55,1528252758,NULL),(5259,99,21,58,1528252768,NULL),(5260,99,22,62,1528252778,NULL),(5261,99,133,388,1528252788,NULL),(5262,99,134,391,1528252798,NULL),(5263,99,135,395,1528252808,NULL),(5264,99,136,398,1528252818,NULL),(5265,99,137,400,1528252828,NULL),(5266,99,138,404,1528252838,NULL),(5267,99,139,405,1528252848,NULL),(5268,99,140,408,1528252858,NULL),(5269,99,141,412,1528252868,NULL),(5270,99,142,414,1528252878,NULL),(5271,99,143,417,1528252888,NULL),(5272,99,144,422,1528252898,NULL),(5273,99,145,425,1528252908,NULL),(5274,99,146,428,1528252918,NULL),(5275,99,147,430,1528252928,NULL),(5276,99,148,434,1528252938,NULL),(5277,99,149,436,1528252948,NULL),(5278,99,150,438,1528252958,NULL),(5279,99,151,443,1528252968,NULL),(5280,99,152,444,1528252978,NULL),(5281,99,153,447,1528252988,NULL),(5282,99,154,452,1528252998,NULL),(5283,99,155,455,1528253008,NULL),(5284,99,156,458,1528253018,NULL),(5285,99,157,459,1528253028,NULL),(5286,99,158,464,1528253038,NULL),(5287,99,159,465,1528253048,NULL),(5288,99,160,470,1528253058,NULL),(5289,99,161,471,1528253068,NULL),(5290,99,162,475,1528253078,NULL),(5291,99,163,477,1528253088,NULL),(5292,99,164,480,1528253098,NULL),(5293,99,165,485,1528253108,NULL),(5294,99,166,487,1528253118,NULL),(5295,99,167,491,1528253128,NULL),(5296,99,168,493,1528253138,NULL),(5297,99,169,495,1528253148,NULL),(5298,99,170,499,1528253158,NULL),(5299,99,171,503,1528253168,NULL),(5300,99,172,505,1528253178,NULL),(5301,99,173,508,1528253188,NULL),(5302,99,174,512,1528253198,NULL),(5303,99,175,514,1528253208,NULL),(5304,99,176,516,1528253218,NULL),(5305,99,177,520,1528253228,NULL),(5306,99,178,522,1528253238,NULL),(5307,99,179,526,1528253248,NULL),(5308,99,180,530,1528253258,NULL),(5309,99,181,531,1528253268,NULL),(5310,99,182,533,1528253278,NULL),(5311,100,10,27,1528252688,NULL),(5312,100,11,29,1528252698,NULL),(5313,100,13,37,1528252708,NULL),(5314,100,14,40,1528252718,NULL),(5315,100,15,42,1528252728,NULL),(5316,100,16,45,1528252738,NULL),(5317,100,19,53,1528252748,NULL),(5318,100,20,54,1528252758,NULL),(5319,100,21,59,1528252768,NULL),(5320,100,22,61,1528252778,NULL),(5321,100,133,389,1528252788,NULL),(5322,100,134,392,1528252798,NULL),(5323,100,135,393,1528252808,NULL),(5324,100,136,398,1528252818,NULL),(5325,100,137,400,1528252828,NULL),(5326,100,138,404,1528252838,NULL),(5327,100,139,405,1528252848,NULL),(5328,100,140,410,1528252858,NULL),(5329,100,141,412,1528252868,NULL),(5330,100,142,415,1528252878,NULL),(5331,100,143,419,1528252888,NULL),(5332,100,144,420,1528252898,NULL),(5333,100,145,424,1528252908,NULL),(5334,100,146,426,1528252918,NULL),(5335,100,147,429,1528252928,NULL),(5336,100,148,434,1528252938,NULL),(5337,100,149,436,1528252948,NULL),(5338,100,150,440,1528252958,NULL),(5339,100,151,443,1528252968,NULL),(5340,100,152,445,1528252978,NULL),(5341,100,153,449,1528252988,NULL),(5342,100,154,451,1528252998,NULL),(5343,100,155,455,1528253008,NULL),(5344,100,156,456,1528253018,NULL),(5345,100,157,460,1528253028,NULL),(5346,100,158,464,1528253038,NULL),(5347,100,159,466,1528253048,NULL),(5348,100,160,469,1528253058,NULL),(5349,100,161,471,1528253068,NULL),(5350,100,162,474,1528253078,NULL),(5351,100,163,479,1528253088,NULL),(5352,100,164,482,1528253098,NULL),(5353,100,165,484,1528253108,NULL),(5354,100,166,487,1528253118,NULL),(5355,100,167,491,1528253128,NULL),(5356,100,168,493,1528253138,NULL),(5357,100,169,495,1528253148,NULL),(5358,100,170,498,1528253158,NULL),(5359,100,171,503,1528253168,NULL),(5360,100,172,506,1528253178,NULL),(5361,100,173,507,1528253188,NULL),(5362,100,174,511,1528253198,NULL),(5363,100,175,515,1528253208,NULL),(5364,100,176,518,1528253218,NULL),(5365,100,177,519,1528253228,NULL),(5366,100,178,522,1528253238,NULL),(5367,100,179,525,1528253248,NULL),(5368,100,180,529,1528253258,NULL),(5369,100,181,532,1528253268,NULL),(5370,100,182,534,1528253278,NULL),(5371,101,10,28,1528252688,NULL),(5372,101,11,29,1528252698,NULL),(5373,101,13,35,1528252708,NULL),(5374,101,14,38,1528252718,NULL),(5375,101,15,42,1528252728,NULL),(5376,101,16,44,1528252738,NULL),(5377,101,19,52,1528252748,NULL),(5378,101,20,56,1528252758,NULL),(5379,101,21,57,1528252768,NULL),(5380,101,22,60,1528252778,NULL),(5381,101,133,389,1528252788,NULL),(5382,101,134,391,1528252798,NULL),(5383,101,135,394,1528252808,NULL),(5384,101,136,397,1528252818,NULL),(5385,101,137,400,1528252828,NULL),(5386,101,138,404,1528252838,NULL),(5387,101,139,406,1528252848,NULL),(5388,101,140,408,1528252858,NULL),(5389,101,141,412,1528252868,NULL),(5390,101,142,416,1528252878,NULL),(5391,101,143,417,1528252888,NULL),(5392,101,144,422,1528252898,NULL),(5393,101,145,423,1528252908,NULL),(5394,101,146,428,1528252918,NULL),(5395,101,147,430,1528252928,NULL),(5396,101,148,432,1528252938,NULL),(5397,101,149,435,1528252948,NULL),(5398,101,150,439,1528252958,NULL),(5399,101,151,442,1528252968,NULL),(5400,101,152,444,1528252978,NULL),(5401,101,153,447,1528252988,NULL),(5402,101,154,451,1528252998,NULL),(5403,101,155,454,1528253008,NULL),(5404,101,156,456,1528253018,NULL),(5405,101,157,461,1528253028,NULL),(5406,101,158,462,1528253038,NULL),(5407,101,159,467,1528253048,NULL),(5408,101,160,470,1528253058,NULL),(5409,101,161,472,1528253068,NULL),(5410,101,162,475,1528253078,NULL),(5411,101,163,477,1528253088,NULL),(5412,101,164,480,1528253098,NULL),(5413,101,165,484,1528253108,NULL),(5414,101,166,486,1528253118,NULL),(5415,101,167,490,1528253128,NULL),(5416,101,168,494,1528253138,NULL),(5417,101,169,497,1528253148,NULL),(5418,101,170,500,1528253158,NULL),(5419,101,171,501,1528253168,NULL),(5420,101,172,506,1528253178,NULL),(5421,101,173,509,1528253188,NULL),(5422,101,174,511,1528253198,NULL),(5423,101,175,514,1528253208,NULL),(5424,101,176,518,1528253218,NULL),(5425,101,177,521,1528253228,NULL),(5426,101,178,523,1528253238,NULL),(5427,101,179,525,1528253248,NULL),(5428,101,180,529,1528253258,NULL),(5429,101,181,531,1528253268,NULL),(5430,101,182,534,1528253278,NULL),(5431,102,10,27,1528252688,NULL),(5432,102,11,31,1528252698,NULL),(5433,102,13,35,1528252708,NULL),(5434,102,14,39,1528252718,NULL),(5435,102,15,42,1528252728,NULL),(5436,102,16,46,1528252738,NULL),(5437,102,19,52,1528252748,NULL),(5438,102,20,56,1528252758,NULL),(5439,102,21,59,1528252768,NULL),(5440,102,22,61,1528252778,NULL),(5441,102,133,389,1528252788,NULL),(5442,102,134,390,1528252798,NULL),(5443,102,135,395,1528252808,NULL),(5444,102,136,397,1528252818,NULL),(5445,102,137,400,1528252828,NULL),(5446,102,138,403,1528252838,NULL),(5447,102,139,407,1528252848,NULL),(5448,102,140,410,1528252858,NULL),(5449,102,141,412,1528252868,NULL),(5450,102,142,416,1528252878,NULL),(5451,102,143,419,1528252888,NULL),(5452,102,144,420,1528252898,NULL),(5453,102,145,425,1528252908,NULL),(5454,102,146,428,1528252918,NULL),(5455,102,147,429,1528252928,NULL),(5456,102,148,434,1528252938,NULL),(5457,102,149,437,1528252948,NULL),(5458,102,150,438,1528252958,NULL),(5459,102,151,443,1528252968,NULL),(5460,102,152,445,1528252978,NULL),(5461,102,153,447,1528252988,NULL),(5462,102,154,450,1528252998,NULL),(5463,102,155,453,1528253008,NULL),(5464,102,156,458,1528253018,NULL),(5465,102,157,461,1528253028,NULL),(5466,102,158,462,1528253038,NULL),(5467,102,159,467,1528253048,NULL),(5468,102,160,468,1528253058,NULL),(5469,102,161,473,1528253068,NULL),(5470,102,162,476,1528253078,NULL),(5471,102,163,477,1528253088,NULL),(5472,102,164,482,1528253098,NULL),(5473,102,165,483,1528253108,NULL),(5474,102,166,486,1528253118,NULL),(5475,102,167,491,1528253128,NULL),(5476,102,168,493,1528253138,NULL),(5477,102,169,496,1528253148,NULL),(5478,102,170,499,1528253158,NULL),(5479,102,171,502,1528253168,NULL),(5480,102,172,506,1528253178,NULL),(5481,102,173,509,1528253188,NULL),(5482,102,174,512,1528253198,NULL),(5483,102,175,514,1528253208,NULL),(5484,102,176,518,1528253218,NULL),(5485,102,177,520,1528253228,NULL),(5486,102,178,522,1528253238,NULL),(5487,102,179,527,1528253248,NULL),(5488,102,180,528,1528253258,NULL),(5489,102,181,531,1528253268,NULL),(5490,102,182,534,1528253278,NULL),(5491,103,10,28,1528252688,NULL),(5492,103,11,31,1528252698,NULL),(5493,103,13,35,1528252708,NULL),(5494,103,14,38,1528252718,NULL),(5495,103,15,43,1528252728,NULL),(5496,103,16,46,1528252738,NULL),(5497,103,19,53,1528252748,NULL),(5498,103,20,56,1528252758,NULL),(5499,103,21,58,1528252768,NULL),(5500,103,22,61,1528252778,NULL),(5501,103,133,389,1528252788,NULL),(5502,103,134,390,1528252798,NULL),(5503,103,135,393,1528252808,NULL),(5504,103,136,398,1528252818,NULL),(5505,103,137,399,1528252828,NULL),(5506,103,138,402,1528252838,NULL),(5507,103,139,405,1528252848,NULL),(5508,103,140,409,1528252858,NULL),(5509,103,141,411,1528252868,NULL),(5510,103,142,415,1528252878,NULL),(5511,103,143,417,1528252888,NULL),(5512,103,144,421,1528252898,NULL),(5513,103,145,423,1528252908,NULL),(5514,103,146,427,1528252918,NULL),(5515,103,147,429,1528252928,NULL),(5516,103,148,432,1528252938,NULL),(5517,103,149,437,1528252948,NULL),(5518,103,150,440,1528252958,NULL),(5519,103,151,442,1528252968,NULL),(5520,103,152,444,1528252978,NULL),(5521,103,153,448,1528252988,NULL),(5522,103,154,451,1528252998,NULL),(5523,103,155,455,1528253008,NULL),(5524,103,156,456,1528253018,NULL),(5525,103,157,460,1528253028,NULL),(5526,103,158,462,1528253038,NULL),(5527,103,159,467,1528253048,NULL),(5528,103,160,468,1528253058,NULL),(5529,103,161,473,1528253068,NULL),(5530,103,162,475,1528253078,NULL),(5531,103,163,477,1528253088,NULL),(5532,103,164,480,1528253098,NULL),(5533,103,165,485,1528253108,NULL),(5534,103,166,486,1528253118,NULL),(5535,103,167,491,1528253128,NULL),(5536,103,168,494,1528253138,NULL),(5537,103,169,495,1528253148,NULL),(5538,103,170,500,1528253158,NULL),(5539,103,171,502,1528253168,NULL),(5540,103,172,504,1528253178,NULL),(5541,103,173,507,1528253188,NULL),(5542,103,174,510,1528253198,NULL),(5543,103,175,513,1528253208,NULL),(5544,103,176,517,1528253218,NULL),(5545,103,177,521,1528253228,NULL),(5546,103,178,523,1528253238,NULL),(5547,103,179,527,1528253248,NULL),(5548,103,180,530,1528253258,NULL),(5549,103,181,532,1528253268,NULL),(5550,103,182,534,1528253278,NULL),(5551,104,10,28,1528252688,NULL),(5552,104,11,30,1528252698,NULL),(5553,104,13,37,1528252708,NULL),(5554,104,14,39,1528252718,NULL),(5555,104,15,41,1528252728,NULL),(5556,104,16,46,1528252738,NULL),(5557,104,19,53,1528252748,NULL),(5558,104,20,56,1528252758,NULL),(5559,104,21,57,1528252768,NULL),(5560,104,22,62,1528252778,NULL),(5561,104,133,389,1528252788,NULL),(5562,104,134,390,1528252798,NULL),(5563,104,135,393,1528252808,NULL),(5564,104,136,396,1528252818,NULL),(5565,104,137,399,1528252828,NULL),(5566,104,138,403,1528252838,NULL),(5567,104,139,405,1528252848,NULL),(5568,104,140,408,1528252858,NULL),(5569,104,141,413,1528252868,NULL),(5570,104,142,414,1528252878,NULL),(5571,104,143,418,1528252888,NULL),(5572,104,144,422,1528252898,NULL),(5573,104,145,424,1528252908,NULL),(5574,104,146,428,1528252918,NULL),(5575,104,147,430,1528252928,NULL),(5576,104,148,433,1528252938,NULL),(5577,104,149,435,1528252948,NULL),(5578,104,150,438,1528252958,NULL),(5579,104,151,442,1528252968,NULL),(5580,104,152,446,1528252978,NULL),(5581,104,153,448,1528252988,NULL),(5582,104,154,451,1528252998,NULL),(5583,104,155,455,1528253008,NULL),(5584,104,156,458,1528253018,NULL),(5585,104,157,461,1528253028,NULL),(5586,104,158,464,1528253038,NULL),(5587,104,159,466,1528253048,NULL),(5588,104,160,469,1528253058,NULL),(5589,104,161,471,1528253068,NULL),(5590,104,162,474,1528253078,NULL),(5591,104,163,478,1528253088,NULL),(5592,104,164,480,1528253098,NULL),(5593,104,165,485,1528253108,NULL),(5594,104,166,488,1528253118,NULL),(5595,104,167,489,1528253128,NULL),(5596,104,168,493,1528253138,NULL),(5597,104,169,495,1528253148,NULL),(5598,104,170,498,1528253158,NULL),(5599,104,171,501,1528253168,NULL),(5600,104,172,505,1528253178,NULL),(5601,104,173,508,1528253188,NULL),(5602,104,174,512,1528253198,NULL),(5603,104,175,513,1528253208,NULL),(5604,104,176,516,1528253218,NULL),(5605,104,177,519,1528253228,NULL),(5606,104,178,524,1528253238,NULL),(5607,104,179,525,1528253248,NULL),(5608,104,180,529,1528253258,NULL),(5609,104,181,532,1528253268,NULL),(5610,104,182,533,1528253278,NULL),(5611,105,10,27,1528252688,NULL),(5612,105,11,29,1528252698,NULL),(5613,105,13,37,1528252708,NULL),(5614,105,14,38,1528252718,NULL),(5615,105,15,43,1528252728,NULL),(5616,105,16,44,1528252738,NULL),(5617,105,19,52,1528252748,NULL),(5618,105,20,56,1528252758,NULL),(5619,105,21,58,1528252768,NULL),(5620,105,22,60,1528252778,NULL),(5621,105,133,387,1528252788,NULL),(5622,105,134,391,1528252798,NULL),(5623,105,135,394,1528252808,NULL),(5624,105,136,396,1528252818,NULL),(5625,105,137,399,1528252828,NULL),(5626,105,138,402,1528252838,NULL),(5627,105,139,405,1528252848,NULL),(5628,105,140,409,1528252858,NULL),(5629,105,141,413,1528252868,NULL),(5630,105,142,416,1528252878,NULL),(5631,105,143,417,1528252888,NULL),(5632,105,144,422,1528252898,NULL),(5633,105,145,424,1528252908,NULL),(5634,105,146,427,1528252918,NULL),(5635,105,147,429,1528252928,NULL),(5636,105,148,432,1528252938,NULL),(5637,105,149,437,1528252948,NULL),(5638,105,150,440,1528252958,NULL),(5639,105,151,441,1528252968,NULL),(5640,105,152,444,1528252978,NULL),(5641,105,153,447,1528252988,NULL),(5642,105,154,451,1528252998,NULL),(5643,105,155,453,1528253008,NULL),(5644,105,156,457,1528253018,NULL),(5645,105,157,460,1528253028,NULL),(5646,105,158,462,1528253038,NULL),(5647,105,159,465,1528253048,NULL),(5648,105,160,469,1528253058,NULL),(5649,105,161,472,1528253068,NULL),(5650,105,162,475,1528253078,NULL),(5651,105,163,477,1528253088,NULL),(5652,105,164,480,1528253098,NULL),(5653,105,165,483,1528253108,NULL),(5654,105,166,488,1528253118,NULL),(5655,105,167,491,1528253128,NULL),(5656,105,168,492,1528253138,NULL),(5657,105,169,497,1528253148,NULL),(5658,105,170,499,1528253158,NULL),(5659,105,171,501,1528253168,NULL),(5660,105,172,506,1528253178,NULL),(5661,105,173,509,1528253188,NULL),(5662,105,174,511,1528253198,NULL),(5663,105,175,513,1528253208,NULL),(5664,105,176,517,1528253218,NULL),(5665,105,177,521,1528253228,NULL),(5666,105,178,523,1528253238,NULL),(5667,105,179,525,1528253248,NULL),(5668,105,180,528,1528253258,NULL),(5669,105,181,532,1528253268,NULL),(5670,105,182,534,1528253278,NULL),(5671,106,10,27,1528252688,NULL),(5672,106,11,31,1528252698,NULL),(5673,106,13,35,1528252708,NULL),(5674,106,14,39,1528252718,NULL),(5675,106,15,42,1528252728,NULL),(5676,106,16,45,1528252738,NULL),(5677,106,19,53,1528252748,NULL),(5678,106,20,56,1528252758,NULL),(5679,106,21,57,1528252768,NULL),(5680,106,22,60,1528252778,NULL),(5681,106,133,388,1528252788,NULL),(5682,106,134,391,1528252798,NULL),(5683,106,135,393,1528252808,NULL),(5684,106,136,398,1528252818,NULL),(5685,106,137,399,1528252828,NULL),(5686,106,138,402,1528252838,NULL),(5687,106,139,405,1528252848,NULL),(5688,106,140,410,1528252858,NULL),(5689,106,141,411,1528252868,NULL),(5690,106,142,416,1528252878,NULL),(5691,106,143,418,1528252888,NULL),(5692,106,144,422,1528252898,NULL),(5693,106,145,424,1528252908,NULL),(5694,106,146,428,1528252918,NULL),(5695,106,147,429,1528252928,NULL),(5696,106,148,433,1528252938,NULL),(5697,106,149,437,1528252948,NULL),(5698,106,150,438,1528252958,NULL),(5699,106,151,441,1528252968,NULL),(5700,106,152,446,1528252978,NULL),(5701,106,153,448,1528252988,NULL),(5702,106,154,452,1528252998,NULL),(5703,106,155,453,1528253008,NULL),(5704,106,156,458,1528253018,NULL),(5705,106,157,461,1528253028,NULL),(5706,106,158,463,1528253038,NULL),(5707,106,159,467,1528253048,NULL),(5708,106,160,469,1528253058,NULL),(5709,106,161,471,1528253068,NULL),(5710,106,162,474,1528253078,NULL),(5711,106,163,477,1528253088,NULL),(5712,106,164,480,1528253098,NULL),(5713,106,165,483,1528253108,NULL),(5714,106,166,486,1528253118,NULL),(5715,106,167,490,1528253128,NULL),(5716,106,168,493,1528253138,NULL),(5717,106,169,495,1528253148,NULL),(5718,106,170,499,1528253158,NULL),(5719,106,171,501,1528253168,NULL),(5720,106,172,504,1528253178,NULL),(5721,106,173,508,1528253188,NULL),(5722,106,174,511,1528253198,NULL),(5723,106,175,513,1528253208,NULL),(5724,106,176,517,1528253218,NULL),(5725,106,177,520,1528253228,NULL),(5726,106,178,522,1528253238,NULL),(5727,106,179,527,1528253248,NULL),(5728,106,180,530,1528253258,NULL),(5729,106,181,532,1528253268,NULL),(5730,106,182,533,1528253278,NULL),(5731,107,10,27,1528252688,NULL),(5732,107,11,29,1528252698,NULL),(5733,107,13,37,1528252708,NULL),(5734,107,14,40,1528252718,NULL),(5735,107,15,42,1528252728,NULL),(5736,107,16,46,1528252738,NULL),(5737,107,19,52,1528252748,NULL),(5738,107,20,56,1528252758,NULL),(5739,107,21,59,1528252768,NULL),(5740,107,22,60,1528252778,NULL),(5741,107,133,389,1528252788,NULL),(5742,107,134,391,1528252798,NULL),(5743,107,135,394,1528252808,NULL),(5744,107,136,396,1528252818,NULL),(5745,107,137,401,1528252828,NULL),(5746,107,138,403,1528252838,NULL),(5747,107,139,405,1528252848,NULL),(5748,107,140,408,1528252858,NULL),(5749,107,141,411,1528252868,NULL),(5750,107,142,416,1528252878,NULL),(5751,107,143,417,1528252888,NULL),(5752,107,144,421,1528252898,NULL),(5753,107,145,425,1528252908,NULL),(5754,107,146,426,1528252918,NULL),(5755,107,147,431,1528252928,NULL),(5756,107,148,434,1528252938,NULL),(5757,107,149,435,1528252948,NULL),(5758,107,150,439,1528252958,NULL),(5759,107,151,442,1528252968,NULL),(5760,107,152,446,1528252978,NULL),(5761,107,153,448,1528252988,NULL),(5762,107,154,452,1528252998,NULL),(5763,107,155,455,1528253008,NULL),(5764,107,156,456,1528253018,NULL),(5765,107,157,460,1528253028,NULL),(5766,107,158,464,1528253038,NULL),(5767,107,159,465,1528253048,NULL),(5768,107,160,470,1528253058,NULL),(5769,107,161,471,1528253068,NULL),(5770,107,162,475,1528253078,NULL),(5771,107,163,479,1528253088,NULL),(5772,107,164,481,1528253098,NULL),(5773,107,165,485,1528253108,NULL),(5774,107,166,488,1528253118,NULL),(5775,107,167,490,1528253128,NULL),(5776,107,168,492,1528253138,NULL),(5777,107,169,496,1528253148,NULL),(5778,107,170,498,1528253158,NULL),(5779,107,171,502,1528253168,NULL),(5780,107,172,506,1528253178,NULL),(5781,107,173,509,1528253188,NULL),(5782,107,174,510,1528253198,NULL),(5783,107,175,514,1528253208,NULL),(5784,107,176,517,1528253218,NULL),(5785,107,177,520,1528253228,NULL),(5786,107,178,523,1528253238,NULL),(5787,107,179,527,1528253248,NULL),(5788,107,180,530,1528253258,NULL),(5789,107,181,532,1528253268,NULL),(5790,107,182,534,1528253278,NULL),(5791,108,10,27,1528252688,NULL),(5792,108,11,29,1528252698,NULL),(5793,108,13,35,1528252708,NULL),(5794,108,14,40,1528252718,NULL),(5795,108,15,41,1528252728,NULL),(5796,108,16,45,1528252738,NULL),(5797,108,19,53,1528252748,NULL),(5798,108,20,56,1528252758,NULL),(5799,108,21,57,1528252768,NULL),(5800,108,22,60,1528252778,NULL),(5801,108,133,389,1528252788,NULL),(5802,108,134,392,1528252798,NULL),(5803,108,135,393,1528252808,NULL),(5804,108,136,397,1528252818,NULL),(5805,108,137,399,1528252828,NULL),(5806,108,138,404,1528252838,NULL),(5807,108,139,405,1528252848,NULL),(5808,108,140,410,1528252858,NULL),(5809,108,141,411,1528252868,NULL),(5810,108,142,416,1528252878,NULL),(5811,108,143,418,1528252888,NULL),(5812,108,144,420,1528252898,NULL),(5813,108,145,423,1528252908,NULL),(5814,108,146,426,1528252918,NULL),(5815,108,147,431,1528252928,NULL),(5816,108,148,433,1528252938,NULL),(5817,108,149,435,1528252948,NULL),(5818,108,150,440,1528252958,NULL),(5819,108,151,441,1528252968,NULL),(5820,108,152,444,1528252978,NULL),(5821,108,153,449,1528252988,NULL),(5822,108,154,451,1528252998,NULL),(5823,108,155,454,1528253008,NULL),(5824,108,156,457,1528253018,NULL),(5825,108,157,459,1528253028,NULL),(5826,108,158,464,1528253038,NULL),(5827,108,159,466,1528253048,NULL),(5828,108,160,470,1528253058,NULL),(5829,108,161,471,1528253068,NULL),(5830,108,162,476,1528253078,NULL),(5831,108,163,477,1528253088,NULL),(5832,108,164,481,1528253098,NULL),(5833,108,165,484,1528253108,NULL),(5834,108,166,487,1528253118,NULL),(5835,108,167,490,1528253128,NULL),(5836,108,168,494,1528253138,NULL),(5837,108,169,496,1528253148,NULL),(5838,108,170,498,1528253158,NULL),(5839,108,171,501,1528253168,NULL),(5840,108,172,505,1528253178,NULL),(5841,108,173,507,1528253188,NULL),(5842,108,174,510,1528253198,NULL),(5843,108,175,513,1528253208,NULL),(5844,108,176,518,1528253218,NULL),(5845,108,177,520,1528253228,NULL),(5846,108,178,522,1528253238,NULL),(5847,108,179,527,1528253248,NULL),(5848,108,180,529,1528253258,NULL),(5849,108,181,531,1528253268,NULL),(5850,108,182,534,1528253278,NULL),(5851,109,10,27,1528252688,NULL),(5852,109,11,31,1528252698,NULL),(5853,109,13,37,1528252708,NULL),(5854,109,14,39,1528252718,NULL),(5855,109,15,43,1528252728,NULL),(5856,109,16,44,1528252738,NULL),(5857,109,19,52,1528252748,NULL),(5858,109,20,55,1528252758,NULL),(5859,109,21,57,1528252768,NULL),(5860,109,22,60,1528252778,NULL),(5861,109,133,387,1528252788,NULL),(5862,109,134,390,1528252798,NULL),(5863,109,135,394,1528252808,NULL),(5864,109,136,397,1528252818,NULL),(5865,109,137,399,1528252828,NULL),(5866,109,138,404,1528252838,NULL),(5867,109,139,406,1528252848,NULL),(5868,109,140,409,1528252858,NULL),(5869,109,141,412,1528252868,NULL),(5870,109,142,415,1528252878,NULL),(5871,109,143,418,1528252888,NULL),(5872,109,144,421,1528252898,NULL),(5873,109,145,423,1528252908,NULL),(5874,109,146,428,1528252918,NULL),(5875,109,147,431,1528252928,NULL),(5876,109,148,433,1528252938,NULL),(5877,109,149,437,1528252948,NULL),(5878,109,150,438,1528252958,NULL),(5879,109,151,441,1528252968,NULL),(5880,109,152,445,1528252978,NULL),(5881,109,153,447,1528252988,NULL),(5882,109,154,452,1528252998,NULL),(5883,109,155,454,1528253008,NULL),(5884,109,156,456,1528253018,NULL),(5885,109,157,461,1528253028,NULL),(5886,109,158,464,1528253038,NULL),(5887,109,159,466,1528253048,NULL),(5888,109,160,469,1528253058,NULL),(5889,109,161,471,1528253068,NULL),(5890,109,162,476,1528253078,NULL),(5891,109,163,478,1528253088,NULL),(5892,109,164,480,1528253098,NULL),(5893,109,165,484,1528253108,NULL),(5894,109,166,487,1528253118,NULL),(5895,109,167,489,1528253128,NULL),(5896,109,168,493,1528253138,NULL),(5897,109,169,495,1528253148,NULL),(5898,109,170,498,1528253158,NULL),(5899,109,171,501,1528253168,NULL),(5900,109,172,504,1528253178,NULL),(5901,109,173,509,1528253188,NULL),(5902,109,174,510,1528253198,NULL),(5903,109,175,514,1528253208,NULL),(5904,109,176,516,1528253218,NULL),(5905,109,177,521,1528253228,NULL),(5906,109,178,523,1528253238,NULL),(5907,109,179,525,1528253248,NULL),(5908,109,180,529,1528253258,NULL),(5909,109,181,532,1528253268,NULL),(5910,109,182,534,1528253278,NULL),(5911,110,10,28,1528252688,NULL),(5912,110,11,29,1528252698,NULL),(5913,110,13,37,1528252708,NULL),(5914,110,14,38,1528252718,NULL),(5915,110,15,43,1528252728,NULL),(5916,110,16,46,1528252738,NULL),(5917,110,19,52,1528252748,NULL),(5918,110,20,54,1528252758,NULL),(5919,110,21,59,1528252768,NULL),(5920,110,22,62,1528252778,NULL),(5921,110,133,389,1528252788,NULL),(5922,110,134,391,1528252798,NULL),(5923,110,135,393,1528252808,NULL),(5924,110,136,397,1528252818,NULL),(5925,110,137,400,1528252828,NULL),(5926,110,138,404,1528252838,NULL),(5927,110,139,407,1528252848,NULL),(5928,110,140,409,1528252858,NULL),(5929,110,141,412,1528252868,NULL),(5930,110,142,416,1528252878,NULL),(5931,110,143,419,1528252888,NULL),(5932,110,144,421,1528252898,NULL),(5933,110,145,424,1528252908,NULL),(5934,110,146,426,1528252918,NULL),(5935,110,147,431,1528252928,NULL),(5936,110,148,433,1528252938,NULL),(5937,110,149,435,1528252948,NULL),(5938,110,150,438,1528252958,NULL),(5939,110,151,442,1528252968,NULL),(5940,110,152,445,1528252978,NULL),(5941,110,153,449,1528252988,NULL),(5942,110,154,452,1528252998,NULL),(5943,110,155,454,1528253008,NULL),(5944,110,156,456,1528253018,NULL),(5945,110,157,461,1528253028,NULL),(5946,110,158,462,1528253038,NULL),(5947,110,159,466,1528253048,NULL),(5948,110,160,470,1528253058,NULL),(5949,110,161,471,1528253068,NULL),(5950,110,162,474,1528253078,NULL),(5951,110,163,478,1528253088,NULL),(5952,110,164,480,1528253098,NULL),(5953,110,165,483,1528253108,NULL),(5954,110,166,486,1528253118,NULL),(5955,110,167,491,1528253128,NULL),(5956,110,168,493,1528253138,NULL),(5957,110,169,495,1528253148,NULL),(5958,110,170,498,1528253158,NULL),(5959,110,171,502,1528253168,NULL),(5960,110,172,506,1528253178,NULL),(5961,110,173,509,1528253188,NULL),(5962,110,174,510,1528253198,NULL),(5963,110,175,514,1528253208,NULL),(5964,110,176,518,1528253218,NULL),(5965,110,177,519,1528253228,NULL),(5966,110,178,524,1528253238,NULL),(5967,110,179,527,1528253248,NULL),(5968,110,180,529,1528253258,NULL),(5969,110,181,532,1528253268,NULL),(5970,110,182,534,1528253278,NULL),(5971,111,10,28,1528252688,NULL),(5972,111,11,31,1528252698,NULL),(5973,111,13,37,1528252708,NULL),(5974,111,14,40,1528252718,NULL),(5975,111,15,41,1528252728,NULL),(5976,111,16,46,1528252738,NULL),(5977,111,19,52,1528252748,NULL),(5978,111,20,54,1528252758,NULL),(5979,111,21,59,1528252768,NULL),(5980,111,22,62,1528252778,NULL),(5981,111,133,388,1528252788,NULL),(5982,111,134,390,1528252798,NULL),(5983,111,135,394,1528252808,NULL),(5984,111,136,396,1528252818,NULL),(5985,111,137,399,1528252828,NULL),(5986,111,138,404,1528252838,NULL),(5987,111,139,405,1528252848,NULL),(5988,111,140,409,1528252858,NULL),(5989,111,141,412,1528252868,NULL),(5990,111,142,415,1528252878,NULL),(5991,111,143,419,1528252888,NULL),(5992,111,144,421,1528252898,NULL),(5993,111,145,425,1528252908,NULL),(5994,111,146,427,1528252918,NULL),(5995,111,147,429,1528252928,NULL),(5996,111,148,433,1528252938,NULL),(5997,111,149,437,1528252948,NULL),(5998,111,150,439,1528252958,NULL),(5999,111,151,443,1528252968,NULL),(6000,111,152,444,1528252978,NULL),(6001,111,153,448,1528252988,NULL),(6002,111,154,450,1528252998,NULL),(6003,111,155,455,1528253008,NULL),(6004,111,156,457,1528253018,NULL),(6005,111,157,459,1528253028,NULL),(6006,111,158,464,1528253038,NULL),(6007,111,159,465,1528253048,NULL),(6008,111,160,468,1528253058,NULL),(6009,111,161,471,1528253068,NULL),(6010,111,162,476,1528253078,NULL),(6011,111,163,479,1528253088,NULL),(6012,111,164,481,1528253098,NULL),(6013,111,165,483,1528253108,NULL),(6014,111,166,486,1528253118,NULL),(6015,111,167,490,1528253128,NULL),(6016,111,168,492,1528253138,NULL),(6017,111,169,497,1528253148,NULL),(6018,111,170,499,1528253158,NULL),(6019,111,171,503,1528253168,NULL),(6020,111,172,505,1528253178,NULL),(6021,111,173,507,1528253188,NULL),(6022,111,174,512,1528253198,NULL),(6023,111,175,515,1528253208,NULL),(6024,111,176,516,1528253218,NULL),(6025,111,177,521,1528253228,NULL),(6026,111,178,524,1528253238,NULL),(6027,111,179,526,1528253248,NULL),(6028,111,180,528,1528253258,NULL),(6029,111,181,532,1528253268,NULL),(6030,111,182,533,1528253278,NULL);
/*!40000 ALTER TABLE `elastos_vote` ENABLE KEYS */;
UNLOCK TABLES;

--
-- Table structure for table `members`
--

DROP TABLE IF EXISTS `members`;
/*!40101 SET @saved_cs_client     = @@character_set_client */;
/*!40101 SET character_set_client = utf8 */;
CREATE TABLE `members` (
  `user_id` int(10) unsigned NOT NULL AUTO_INCREMENT COMMENT '用户ID',
  `username` varchar(100) DEFAULT '' COMMENT '用户名',
  `password` varchar(100) DEFAULT '' COMMENT '密码',
  `mobile` varchar(45) DEFAULT '' COMMENT '手机号',
  `create_time` int(11) NOT NULL DEFAULT '0' COMMENT '创建时间',
  `referee` int(10) DEFAULT '0',
  `is_official` int(1) DEFAULT '0' COMMENT '是否是官方用户:0非官方，1官方',
  `fate_num` int(10) DEFAULT '0' COMMENT '获取的命数',
  `used_fate_num` int(10) DEFAULT '0' COMMENT '用掉的命数',
  `medal_num` int(3) DEFAULT '0' COMMENT '奖牌等级',
  `status` int(1) NOT NULL DEFAULT '1' COMMENT '状态：0禁用，1启用',
  `ident_code` varchar(10) NOT NULL COMMENT '唯一识别码',
  `parent_ident_code` varchar(10) DEFAULT NULL COMMENT '父级识别码',
  `update_time` int(11) NOT NULL DEFAULT '0' COMMENT '更新时间',
  `wallet_addr` varchar(255) DEFAULT NULL COMMENT '钱包地址',
  `topic_addr` varchar(150) DEFAULT NULL COMMENT '主题区块链地址',
  `txId` varchar(50) DEFAULT NULL,
  PRIMARY KEY (`user_id`)
) ENGINE=InnoDB DEFAULT CHARSET=utf8;
/*!40101 SET character_set_client = @saved_cs_client */;

--
-- Dumping data for table `members`
--

LOCK TABLES `members` WRITE;
/*!40000 ALTER TABLE `members` DISABLE KEYS */;
/*!40000 ALTER TABLE `members` ENABLE KEYS */;
UNLOCK TABLES;

--
-- Table structure for table `node`
--

DROP TABLE IF EXISTS `node`;
/*!40101 SET @saved_cs_client     = @@character_set_client */;
/*!40101 SET character_set_client = utf8 */;
CREATE TABLE `node` (
  `id` int(11) NOT NULL AUTO_INCREMENT,
  `node_name` varchar(155) NOT NULL DEFAULT '' COMMENT '节点名称',
  `control_name` varchar(155) NOT NULL DEFAULT '' COMMENT '控制器名',
  `action_name` varchar(155) NOT NULL COMMENT '方法名',
  `is_menu` tinyint(1) NOT NULL DEFAULT '1' COMMENT '是否是菜单项 1不是 2是',
  `type_id` int(11) NOT NULL COMMENT '父级节点id',
  `style` varchar(155) DEFAULT '' COMMENT '菜单样式',
  PRIMARY KEY (`id`)
) ENGINE=InnoDB AUTO_INCREMENT=25 DEFAULT CHARSET=utf8 ROW_FORMAT=DYNAMIC;
/*!40101 SET character_set_client = @saved_cs_client */;

--
-- Dumping data for table `node`
--

LOCK TABLES `node` WRITE;
/*!40000 ALTER TABLE `node` DISABLE KEYS */;
INSERT INTO `node` VALUES (1,'用户管理','#','#',2,0,'fa fa-users'),(2,'管理员管理','user','index',2,1,''),(3,'添加管理员','user','useradd',1,2,''),(4,'编辑管理员','user','useredit',1,2,''),(5,'删除管理员','user','userdel',1,2,''),(6,'角色管理','role','index',2,1,''),(7,'添加角色','role','roleadd',1,6,''),(8,'编辑角色','role','roleedit',1,6,''),(9,'删除角色','role','roledel',1,6,''),(15,'节点管理','node','index',2,1,''),(16,'添加节点','node','nodeadd',1,15,''),(17,'编辑节点','node','nodeedit',1,15,''),(18,'删除节点','node','nodedel',1,15,''),(19,'文章管理','articles','index',2,0,'fa fa-book'),(20,'文章列表','articles','index',2,19,''),(21,'添加文章','articles','articleadd',1,19,''),(22,'编辑文章','articles','articleedit',1,19,''),(23,'删除文章','articles','articledel',1,19,''),(24,'上传图片','articles','uploadImg',1,19,'');
/*!40000 ALTER TABLE `node` ENABLE KEYS */;
UNLOCK TABLES;

--
-- Table structure for table `operator_logs`
--

DROP TABLE IF EXISTS `operator_logs`;
/*!40101 SET @saved_cs_client     = @@character_set_client */;
/*!40101 SET character_set_client = utf8 */;
CREATE TABLE `operator_logs` (
  `log_id` int(10) unsigned NOT NULL AUTO_INCREMENT COMMENT '日志编号',
  `op_id` int(10) DEFAULT NULL COMMENT '操作人ID',
  `op_account` varchar(50) DEFAULT NULL COMMENT '操作员账号',
  `op_name` varchar(50) DEFAULT NULL COMMENT '姓名',
  `op_bn` varchar(50) DEFAULT NULL COMMENT '操作人编号',
  `app` varchar(50) NOT NULL COMMENT '程序目录',
  `ctl` varchar(50) NOT NULL COMMENT '控制器',
  `act` varchar(50) DEFAULT NULL COMMENT '动作',
  `method` enum('post','get') NOT NULL DEFAULT 'post' COMMENT '提交方法',
  `module` varchar(255) NOT NULL COMMENT '日志模块',
  `operate_type` varchar(255) NOT NULL COMMENT '操作类型',
  `param` varchar(255) DEFAULT NULL COMMENT '参数',
  `dateline` int(11) unsigned NOT NULL COMMENT '操作时间',
  PRIMARY KEY (`log_id`)
) ENGINE=InnoDB DEFAULT CHARSET=utf8;
/*!40101 SET character_set_client = @saved_cs_client */;

--
-- Dumping data for table `operator_logs`
--

LOCK TABLES `operator_logs` WRITE;
/*!40000 ALTER TABLE `operator_logs` DISABLE KEYS */;
/*!40000 ALTER TABLE `operator_logs` ENABLE KEYS */;
UNLOCK TABLES;

--
-- Table structure for table `role`
--

DROP TABLE IF EXISTS `role`;
/*!40101 SET @saved_cs_client     = @@character_set_client */;
/*!40101 SET character_set_client = utf8 */;
CREATE TABLE `role` (
  `id` int(11) NOT NULL AUTO_INCREMENT COMMENT 'id',
  `role_name` varchar(155) NOT NULL COMMENT '角色名称',
  `rule` varchar(255) DEFAULT '' COMMENT '权限节点数据',
  PRIMARY KEY (`id`)
) ENGINE=InnoDB AUTO_INCREMENT=3 DEFAULT CHARSET=utf8 ROW_FORMAT=DYNAMIC;
/*!40101 SET character_set_client = @saved_cs_client */;

--
-- Dumping data for table `role`
--

LOCK TABLES `role` WRITE;
/*!40000 ALTER TABLE `role` DISABLE KEYS */;
INSERT INTO `role` VALUES (1,'超级管理员','*'),(2,'系统维护员','1,2,3,4,5,6,7,8,9,10');
/*!40000 ALTER TABLE `role` ENABLE KEYS */;
UNLOCK TABLES;

--
-- Table structure for table `sms_log`
--

DROP TABLE IF EXISTS `sms_log`;
/*!40101 SET @saved_cs_client     = @@character_set_client */;
/*!40101 SET character_set_client = utf8 */;
CREATE TABLE `sms_log` (
  `log_id` int(10) unsigned NOT NULL AUTO_INCREMENT COMMENT '日志ID',
  `mobile` varchar(45) NOT NULL DEFAULT '0' COMMENT '手机号',
  `content` int(11) DEFAULT '0' COMMENT '内容',
  `send_time` varchar(100) NOT NULL DEFAULT '' COMMENT '发送时间',
  `status` tinyint(1) NOT NULL DEFAULT '0' COMMENT '状态：0未发送，1发送成功，2发送失败',
  PRIMARY KEY (`log_id`)
) ENGINE=InnoDB DEFAULT CHARSET=utf8;
/*!40101 SET character_set_client = @saved_cs_client */;

--
-- Dumping data for table `sms_log`
--

LOCK TABLES `sms_log` WRITE;
/*!40000 ALTER TABLE `sms_log` DISABLE KEYS */;
/*!40000 ALTER TABLE `sms_log` ENABLE KEYS */;
UNLOCK TABLES;

--
-- Table structure for table `topic`
--

DROP TABLE IF EXISTS `topic`;
/*!40101 SET @saved_cs_client     = @@character_set_client */;
/*!40101 SET character_set_client = utf8 */;
CREATE TABLE `topic` (
  `topic_id` int(10) unsigned NOT NULL AUTO_INCREMENT COMMENT '主题ID',
  `title` varchar(100) DEFAULT '' COMMENT '标题',
  `desc` varchar(200) DEFAULT '' COMMENT '描述',
  `start_time` int(11) NOT NULL DEFAULT '0' COMMENT '开始时间',
  `start_date` int(11) NOT NULL DEFAULT '0' COMMENT '开始日期',
  `end_time` int(11) NOT NULL DEFAULT '0' COMMENT '结束时间',
  `user_id` int(10) DEFAULT '0' COMMENT '创建人ID',
  `choice` tinyint(1) NOT NULL DEFAULT '0' COMMENT '选择类型：0单选，1多选',
  `is_official` int(1) DEFAULT '0' COMMENT '是否是官方用户:0非官方，1官方',
  `create_time` int(11) NOT NULL DEFAULT '0' COMMENT '创建时间',
  `total_vote_num` int(10) DEFAULT '0' COMMENT '投票总数',
  `type` int(2) NOT NULL DEFAULT '1' COMMENT '类型：0其他，1世界杯',
  `status` int(2) NOT NULL DEFAULT '0' COMMENT '投票活动状态：0未开始，1待设置答案，2已设置答案，3结束',
  `answer` varchar(100) DEFAULT NULL COMMENT '答案选项',
  `answer_status` int(1) NOT NULL DEFAULT '0' COMMENT '设置答案状态：0未设置，1已设置',
  `is_valid` tinyint(1) NOT NULL DEFAULT '0' COMMENT '有效状态：0无效，1有效',
  `start_gmt_time` int(11) NOT NULL DEFAULT '0' COMMENT '格林威治开始时间（世界时间）',
  PRIMARY KEY (`topic_id`)
) ENGINE=InnoDB DEFAULT CHARSET=utf8;
/*!40101 SET character_set_client = @saved_cs_client */;

--
-- Dumping data for table `topic`
--

LOCK TABLES `topic` WRITE;
/*!40000 ALTER TABLE `topic` DISABLE KEYS */;
/*!40000 ALTER TABLE `topic` ENABLE KEYS */;
UNLOCK TABLES;

--
-- Table structure for table `topic_option`
--

DROP TABLE IF EXISTS `topic_option`;
/*!40101 SET @saved_cs_client     = @@character_set_client */;
/*!40101 SET character_set_client = utf8 */;
CREATE TABLE `topic_option` (
  `option_id` int(10) unsigned NOT NULL AUTO_INCREMENT COMMENT '主题选项ID',
  `topic_id` int(11) NOT NULL DEFAULT '0' COMMENT '主题ID',
  `content` varchar(100) DEFAULT '' COMMENT '选项内容',
  `vote_num` int(11) NOT NULL DEFAULT '0' COMMENT '投票次数',
  `is_answer` tinyint(1) NOT NULL DEFAULT '0' COMMENT '答案：0无，1是，2否',
  `create_time` int(11) NOT NULL DEFAULT '0' COMMENT '创建时间',
  `update_time` int(11) NOT NULL DEFAULT '0' COMMENT '更新时间',
  `status` tinyint(1) NOT NULL DEFAULT '0' COMMENT '选项状态：0废弃，1正常',
  `country_id` int(11) DEFAULT '0' COMMENT '国旗ID',
  `txId` varchar(50) DEFAULT NULL,
  PRIMARY KEY (`option_id`)
) ENGINE=InnoDB DEFAULT CHARSET=utf8;
/*!40101 SET character_set_client = @saved_cs_client */;

--
-- Dumping data for table `topic_option`
--

LOCK TABLES `topic_option` WRITE;
/*!40000 ALTER TABLE `topic_option` DISABLE KEYS */;
/*!40000 ALTER TABLE `topic_option` ENABLE KEYS */;
UNLOCK TABLES;

--
-- Table structure for table `user`
--

DROP TABLE IF EXISTS `user`;
/*!40101 SET @saved_cs_client     = @@character_set_client */;
/*!40101 SET character_set_client = utf8 */;
CREATE TABLE `user` (
  `id` int(11) NOT NULL AUTO_INCREMENT,
  `user_name` varchar(255) COLLATE utf8_bin NOT NULL DEFAULT '' COMMENT '用户名',
  `password` varchar(255) COLLATE utf8_bin NOT NULL DEFAULT '' COMMENT '密码',
  `login_times` int(11) NOT NULL DEFAULT '0' COMMENT '登陆次数',
  `last_login_ip` varchar(255) COLLATE utf8_bin NOT NULL DEFAULT '' COMMENT '最后登录IP',
  `last_login_time` int(11) NOT NULL DEFAULT '0' COMMENT '最后登录时间',
  `real_name` varchar(255) COLLATE utf8_bin NOT NULL DEFAULT '' COMMENT '真实姓名',
  `status` int(1) NOT NULL DEFAULT '0' COMMENT '状态',
  `role_id` int(11) NOT NULL DEFAULT '1' COMMENT '用户角色id',
  PRIMARY KEY (`id`)
) ENGINE=InnoDB AUTO_INCREMENT=2 DEFAULT CHARSET=utf8 COLLATE=utf8_bin;
/*!40101 SET character_set_client = @saved_cs_client */;

--
-- Dumping data for table `user`
--

LOCK TABLES `user` WRITE;
/*!40000 ALTER TABLE `user` DISABLE KEYS */;
INSERT INTO `user` VALUES (1,'admin','21232f297a57a5a743894a0e4a801fc3',41,'127.0.0.1',1505559479,'admin',1,1);
/*!40000 ALTER TABLE `user` ENABLE KEYS */;
UNLOCK TABLES;

--
-- Table structure for table `vote`
--

DROP TABLE IF EXISTS `vote`;
/*!40101 SET @saved_cs_client     = @@character_set_client */;
/*!40101 SET character_set_client = utf8 */;
CREATE TABLE `vote` (
  `vote_id` int(10) unsigned NOT NULL AUTO_INCREMENT COMMENT '投票ID',
  `user_id` int(11) NOT NULL DEFAULT '0' COMMENT '用户ID',
  `topic_id` int(11) NOT NULL DEFAULT '0' COMMENT '主题ID',
  `option_id` int(11) NOT NULL DEFAULT '0' COMMENT '选项ID',
  `vote_time` int(11) NOT NULL DEFAULT '0' COMMENT '答案：0无，1是，2否',
  `txId` varchar(50) DEFAULT NULL,
  PRIMARY KEY (`vote_id`)
) ENGINE=InnoDB DEFAULT CHARSET=utf8;
/*!40101 SET character_set_client = @saved_cs_client */;

--
-- Dumping data for table `vote`
--

LOCK TABLES `vote` WRITE;
/*!40000 ALTER TABLE `vote` DISABLE KEYS */;
/*!40000 ALTER TABLE `vote` ENABLE KEYS */;
UNLOCK TABLES;
/*!40103 SET TIME_ZONE=@OLD_TIME_ZONE */;

/*!40101 SET SQL_MODE=@OLD_SQL_MODE */;
/*!40014 SET FOREIGN_KEY_CHECKS=@OLD_FOREIGN_KEY_CHECKS */;
/*!40014 SET UNIQUE_CHECKS=@OLD_UNIQUE_CHECKS */;
/*!40101 SET CHARACTER_SET_CLIENT=@OLD_CHARACTER_SET_CLIENT */;
/*!40101 SET CHARACTER_SET_RESULTS=@OLD_CHARACTER_SET_RESULTS */;
/*!40101 SET COLLATION_CONNECTION=@OLD_COLLATION_CONNECTION */;
/*!40111 SET SQL_NOTES=@OLD_SQL_NOTES */;

-- Dump completed on 2018-06-06  4:00:27
